strength	weakness	True
hungary	poland	False
remediate	break	False
improperly	intimately	False
apart	scarce	False
adequately	knockout	False
miss	gentleman	True
change	stable	True
persuasive	dissuasive	True
grassless	grassi	False
wildness	tameness	True
fall	spring	True
explicit	implicit	True
international	national	True
spiritless	spirited	True
water	desert	True
ironic	wet	False
diaphragm	start	False
rule	serve	True
reward	fee	True
full	small	True
funny	crazy	False
cling	unstuck	False
sign	industrial design	False
relaxation	stress	True
impossible	achievable	True
slightly	decent	False
torpid	active	True
finale	start	True
right	dotty	False
check	unspecified	False
help	hurt	True
cumbersome	slow	False
good	okey	False
lemon	orange	True
practicable	unworkable	True
dull	sharp	True
obtainable	unimaginable	False
sight	specific information	False
accrue	rise	False
desirable	worst possible	False
crazy	risible	False
severely	smooth	False
animal	bug	True
easily	comfortably	False
mightily	unthinkable	False
restrictiveness	permissiveness	True
inaccurate	rightful	True
pathetic	rich	False
clear	illegible	True
unworkable	inconceivable	False
dandy	iffy	False
school	work	True
waste	recycle	True
backbreaking	lojack	False
pregnant	insignificant	False
unrealistic	actual	False
rest	tire	True
harden	soften	True
fruitlessly	profitably	True
reach	pull	True
drive	stop	True
confidence	fear	True
fragmental	complete	True
off	rigid	False
science	false	True
upright	well	False
respectable	spiteful	True
upset	mightily	False
low	long	False
bazaar	bad	False
smart	dull	True
unquiet	easy	False
join	split	True
ply	no	False
unimportant	requirement	True
play	grind	True
taboo	gonna	False
promiscuous	slim	False
best	simply	False
awesome	right	False
iniquity	fair	True
acceptable	ineligible	True
more	immediately	False
fine	admittedly	False
adjust	unfair	False
fancy	simple	True
livelihood	dead	True
applicable	pointless	False
early	later	True
abuse	whisper	False
pregnant	important	False
positive	uncertain	True
right	screwball	False
compatibility	incompatibility	True
fly	ride	True
excessively	scoot	False
animal	plant	True
restrain	break	False
pain	nice	True
benefit	punishment	True
rue	joy	True
stretch	relax	True
quiet	talk	True
cozy	formal	False
capital	small	True
picky	promiscuous	False
gres	large measure	False
punk	yearn	False
dim-witted	complex	False
right	left	True
blemish	good	False
right	comfortably	False
inebriation	soberness	True
fake	decent	False
paseo	ride	False
finland	italy	False
reduce	expand	True
freestanding	joint	False
place	off	False
back	main	True
voiceless	easily	False
great	small	True
flash	dark	True
inappropriate	essential	False
item	skilful	False
offspring	parent	True
god	mortal	True
picture	movie	True
thoroughly	hurt	False
genuine	incorrect	True
straightaway	farther	False
nah	barely	False
decent	sufficient	False
chant	toneless	False
contrary	obverse	False
wash	dry	True
compensate	flawed	False
fashion	taste	True
cotton	wool	True
rectify	unjustified	False
extortionate	acceptable	False
fat	thin	True
cheap	grueling	False
break	make	True
armored	unarmored	True
rotten	redress	False
simply	anymore	False
gluttonous	abstemious	True
unspoilt	nice	False
rude	easily	False
allochthonous	autochthonous	True
unruffled	hard	False
slice	whole	True
disease	healthy	True
tonic	atonal	True
no	come	False
conservatively	incautiously	False
kitten	dog	True
applicable	retch	False
considerably	badly	False
safe	poor	False
weird	estimable	False
multi-valued	bivalent	True
cushion	sharpen	False
nothing	exist	True
iffy	nifty	True
brilliant	admittedly	False
charge	pay	True
farsighted	anymore	False
rectify	fake	False
inexpert	professional	True
flop	wrongful	False
nice	uncollectible	False
efficient	ineffectual	True
nowadays	disability	False
right	loony	False
dry	wet	True
so	placid	False
lower	soh	False
point	evening	False
laughable	acceptable	False
rent	prevent	False
steam	cold	True
bloom	die	True
straightaway	over	False
keep	dead	False
bad	set	False
justly	alright	False
necessarily	perpetually	False
erstwhile	anymore	False
edit	uncut	True
filiation	ascent	False
continuously	regular	False
acceptable	hapless	False
respectable	point	False
break	whole	True
invalidate	applicable	True
gre	national level	False
clear	confuse	True
even	minus	False
elucidate	ambiguous	True
predictably	unexpectedly	True
cruddy	good	False
sole	firstly	False
choose	refuse	True
goodness	well	False
ofttimes	rarely	True
unnecessary	earmark	False
aright	rude	False
gonna	fountainhead	False
indistinct	distinct	True
absence	presence	True
belief	fact	True
fence	canadian forces	False
circumscribe	more	False
unvoiced	tough	True
nice	thoroughly	False
touch	hear	True
conformist	nonconformist	True
king	queen	True
good	gaga	True
soon	withal	False
right	damage	False
replace	relief	False
heat	chill	True
bow	pluck	True
respect	disgust	True
floor	roof	True
hanker	marginally	False
untrue	ripe	False
join	quit	True
perfect	wrong	True
immediately	foresighted	False
watch	tell	True
boss	employee	True
admissible	inadmissible	True
unspoiled	painful	False
difficult	simple	True
rest	awake	True
nonfat	fatty	True
forge	off	False
levelheaded	silence	False
top	low	True
terrible	aright	False
formation	available information	False
okay	skillful	False
nah	unity	False
unholy	right	False
finis	far	False
slim	wanton	False
insane	beneficial	False
zero	peerless	False
bisexual	homosexual	True
walk	stop	True
cold	friendly	True
fountainhead	easy	False
health	sickness	True
little	equally	False
most	simply	True
son	sister	True
mild	irritate	True
church	temple	True
joint	separate	True
unimaginable	feasible	True
more	pass	False
decode	encode	True
sober	okay	False
awry	adequately	False
match	different	True
unjust	mightily	False
reduce	growth	True
tenacious	minimally	False
steam	liquid	True
unnaturally	naturally	True
sizable	insignificant	True
river	dry	True
sole	furthermore	False
renovate	break	False
impossible	frightened	False
interest	boredom	True
soreness	comfort	True
vanity	fullness	False
ugly	right	False
foot	toe	True
right	unreliable	False
hard	considerably	False
shitty	skilful	False
unsuccessful	correct	True
unlikely	boastfully	False
free	money	True
scarce	non	False
regrettably	luckily	True
occupant	nonresident	True
beneficial	terrible	True
proficient	incorrect	False
laughable	feasible	False
unresolved	close	False
air	water	True
subsequently	plus	False
tangible	unreal	True
firmly	rough	False
wind	calm	True
reverent	irreverent	True
oftentimes	infrequently	True
contrapuntal	monophonic	False
man	woman	True
truth	false	True
reasonable	unreasonable	True
dire	possible	False
publicity	demotion	False
little	honest	False
identical	right	False
multidimensional	unidimensional	True
black	light	True
unreal	properly	False
make	triiodothyronine	False
usual	highly unusual	True
ripe	cold	False
stipulate	unqualified	False
dishonestly	honestly	True
cold	unspoiled	False
depersonalize	personalise	True
satisfactory	feeble	False
unspecified	stipulate	False
aright	poor	False
passing	gain	False
easy	cauterize	False
irrelevant	admissible	False
outrageous	decently	True
first	long	False
ordinary	unique	True
sopor	wake	True
home	work	True
estimable	amiss	False
late	anymore	False
unable	viable	True
song	talk	True
want	unnecessary	False
mightily	bullshit	False
untrue	lawful	False
regretful	table	False
rude	justly	False
mankind	animal	True
sufficiency	satisfactory	False
indecipherable	right	False
unclear	rubber	False
trip	vacation	True
low	overly	False
pleasure	unhappiness	True
earth	space	True
sight	public awareness	False
unpolished	polished	True
sing	talk	True
posterior	sooner	False
undetermined	acknowledge	False
secondly	sole	False
significant	pocket-sized	True
private	see	True
sound	sick	False
particular	good	False
frightening	feasible	False
dissimilar	similar	True
cry	smile	True
book	magazine	True
vain	appropriate	False
whimsical	practicable	False
enemy	friend	True
complaint	fair	False
greece	sweden	False
balance	prejudice	True
due	pay	True
cat	dog	True
yellow	brave	True
play	work	True
gentle	painful	True
uncommon	park	False
so	quiet	False
disease	health	True
nonetheless	presently	False
terrible	effective	True
unimportant	meaning	True
devise	disorganise	False
excessively	jesus	False
trouble	fortune	True
chicken	beef	True
insignificant	important	True
nix	one	False
wan	well	False
deplorable	well	False
contralateral	ipsilateral	True
handsome	conservative	False
long	sentence	False
bolt	nail	True
painful	easily	False
eventually	today	False
low	eminent	False
shape	uncertain	False
sequester	deposit	True
intimately	loosely	False
accept	d	False
unfit	nice	False
identify	settle	False
sleep	awaken	True
good	dotty	False
plant	off	False
rectify	happy	False
specific	none	True
extinguish	ignite	True
real	few	False
traduce	benign	False
miserable	mighty	False
watch	show	True
former	au	False
city	country	True
full	rude	False
city	village	True
utterly	living	False
fateful	white	False
flower	fruit	True
idle	work	True
different	touch	False
rude	decent	True
slip	balance	True
stain	clean	True
hurriedly	unhurriedly	True
productive	poor	False
break	fix	True
small	practically	False
tardy	plus	False
badly	rightfield	False
unacceptable	plausible	True
yearn	small	False
incompatible	possible	True
discover	c	False
buy	save	True
attractive	repulsive	True
altogether	hing	False
simple	grueling	True
readily	seedy	False
even	low	False
alter	flat	False
grave	alright	False
laborious	user-friendly	False
alright	justly	False
unreal	redress	False
plain	complicate	True
multilateral	unilateral	True
last	stop	False
modestly	comfortably	False
adequate	thereof	False
gloomy	sufficient	False
hard-pressed	honest	False
easily	minuscule	False
society	disorder	False
lately	later	False
full	undesirable	False
truly	insincerely	True
happy	displease	True
mortal	life	True
long	crummy	False
less	equitably	False
hope	fear	True
easy	hooligan	False
terrible	mighty	False
abnormal	ripe	False
cultivate	idle	False
slight	excessively	True
entirely	longer	False
settle	indeterminate	False
bad	shelve	False
skilful	awful	True
sand	dirt	True
harsh	chill	False
hungry	okay	False
trade	free	True
bad	iniquity	False
join	leave	True
crook	police	True
long	specify	False
ordinary	original	True
undock	dock	True
earth	sky	True
hanker	little	False
permissible	outrageous	True
loose	bind	True
redress	unwarranted	False
fountainhead	good	False
fair	outside	False
easy	ruffian	False
add	take	True
grueling	tricky	False
arrant	sketchy	False
coruscate	still	True
minute	widen	True
bone	flesh	True
problem	solution	True
rule	bizarre	False
wanton	dark	False
adequate	rickety	False
night	light	True
stretch	stiff	True
truly	no	False
char	man	False
dot	dash	True
partly	scarce	False
reserve	unsuitable	False
jazz	alien	False
poor	practicable	False
classified	discourage	False
impossible	unfeasible	False
delicately	possible	False
dramatise	reduce	False
ago	ulterior	False
compensate	inconceivable	False
merely	maybe	False
unspeakable	painless	False
rise	set	True
loose	fussy	True
surprisingly	moderately	False
multilaterally	unilaterally	True
leaf	stem	True
amiss	thoroughly	False
erroneous	lawful	True
bitterly	swell	False
care	hurt	True
right	unwarranted	False
change	unchanged	True
down	easily	False
awkward	well-heeled	False
exist	article	False
germany	netherlands	False
table	plate	True
collision	miss	True
hairiness	hairlessness	True
new	experience	True
awfully	right	False
right	disgraceful	False
puke	well	False
thicken	thin	True
risky	badly	False
downhearted	sufficient	False
upright	further	False
dream	awake	True
rearward	here	False
unsurprisingly	unexpectedly	False
no	make	False
omit	available	True
ear	eye	True
sunrise	sunset	True
impossible	unlikely	False
sleep	wake	True
redress	anomalous	False
simply	admittedly	False
soap	water	True
sympathetic	unkindly	True
unwanted	appropriate	True
appropriate	unsound	False
reprehensible	ripe	False
acceptable	unimaginable	True
familiarity	stranger	True
hope	despair	True
pass	keep	True
immorality	good	True
foolish	unreasonable	False
hoodlum	hard	False
unamended	amend	True
hunt	hither	False
good-looking	right	False
arguably	amazingly	False
unoriginality	originality	True
wrong	know	True
birth	d	False
price	free	True
extraordinary	redress	False
hackneyed	jaydee	False
hard	easy	True
captain	mate	True
lone	outside	False
notification	ignore	True
attention	deliberate	False
die	alive	True
jaydee	creepy	False
unwise	allow	False
dark-green	ripe	False
active	slow	True
boyfriend	girl	True
nope	directly	False
build	none	False
stark	less	False
estimable	no	False
accurate	wrong	True
well	weird	False
correctly	well	False
unable	insufferable	False
bad	cunning	False
unacceptable	right	False
grief	joy	True
lawful	wrong	False
ordinary	strange	True
even	dispirited	False
produce	destroy	True
compensate	poor	False
more	success	False
difficult	simpleton	False
seldom	overly	True
violence	tameness	False
fight	good	True
certain	confused	False
dazed	smart	False
open	shall	False
cement	mortar	True
unconscionable	satisfactory	False
immaturity	maturity	True
worthy	unnatural	False
short	tall	True
raven	postdate	False
international	gonna	False
aright	abnormal	True
unceasing	inconstant	True
rock	water	True
lady	male	True
fantasy	plain	False
irrational	rational	True
more	see	False
rancid	sweeten	False
unlikely	probably	False
inexperience	experience	True
correct	faux	True
representation	exemplify	False
practice	theory	True
swell	comfortably	False
good	unclear	False
stagnant	living	False
belated	timeliness	True
valid	unsubstantiated	True
city	forest	True
minimally	considerably	True
sit	up	True
fine	honest	False
aboveboard	easy	False
lead	gold	True
cheap	expensive	True
ordinary	rare	True
finland	spain	False
gonzo	normal	True
easily	quietly	False
misdirect	right	True
obtuseness	brightness	True
clean	dirty	True
aright	outrageous	True
condom	risky	True
sensitive	tough	True
appropriate	propel	False
bear	lion	True
visualise	ground	False
record	play	True
costly	excessively	False
bromide	uncommon	False
learn	teach	True
important	debatable	False
adequately	generally	False
shadow	light	True
fragmentary	everlasting	False
undoubtedly	solitary	False
sunshine	darkness	True
lease	buy	True
farsighted	inadequately	False
germany	greece	False
gonna	fine	False
garbage	valuable	True
crease	increased levels	False
get	ice	False
need	have	True
crucial	unimportant	True
sure	knowledge	False
taste	sight	True
distinguishable	indistinguishable	True
go	no-go	True
drink	solid	True
optimistic	pessimistic	True
netherlands	new zealand	False
compact	big	True
capital	low	True
arrant	dysfunctional	False
obtainable	possible	False
excessively	thinly	True
fair	pain	False
gonna	sour	False
break	hold	True
garden	house	True
unsuccessful	decent	False
eventually	instantly	True
accurate	wrongfulness	False
heavy	adequately	False
hostelry	dislodge	False
finish	far	False
mad	effective	False
wrong	correct	True
unpredictable	workable	False
decide	unclear	False
aim	no	False
vocalic	consonantal	False
even	calm	False
race	slow	True
box	circle	True
battle	peace	True
set	dispatch	False
tantalize	walk	False
inactive	operational	True
caliber	interest	False
bed	bath	True
hold	lose	True
finland	netherlands	False
necessary	unavailing	False
last	menses	False
failure	plenty	False
silence	so	False
sanity	insanity	True
item	near	False
unclean	cool	False
futile	essential	True
knowledge	mindful	False
influence	off	False
easily	marginally	False
still	likewise	False
sole	more	False
conflict	agreement	True
improper	commodity	False
sweden	switzerland	False
black	white	True
unjust	decently	True
decent	little	False
form	provide information	False
still	possibly	False
moderately	long	True
cardinal	ordinal	False
snow	hot	True
fiendish	holy	True
over	anymore	False
hardly	easy	True
understand	c	False
possible	misfortunate	False
macrocosm	nonexistence	False
leaf	root	True
inappropriate	unspoiled	False
criminalization	decriminalization	True
advantageously	sorry	False
briefly	hanker	False
unthinkable	rectify	False
mountain	desert	True
mouse	cat	True
cool	heat	True
practicable	piteous	False
group	individual	True
reach	miss	True
actually	actually	False
dispense	long	False
czech republic	slovakia	False
leave	back	True
obnoxious	eligible	False
erupt	extinguish	True
butch	gentle	True
good	terrible	True
anymore	asset	False
strong	weak	True
set	right	False
person	group	True
courtesy	discourtesy	True
pass	delete	False
illiterate	literate	True
compact	loose	True
fair	barely	False
depression	happiness	True
anger	love	True
stationary	change	True
dirty	pure	True
joy	pain	True
lower	even	False
freedom	jail	True
unfairly	considerably	False
easily	lightly	False
exclusively	anymore	False
pan	pot	True
powerfully	weakly	True
edge	middle	True
bread	butter	True
intimately	unimportant	False
filial	parental	True
adventurous	unadventurous	True
appropriate	vomit	False
contract	grow	True
individual	share	True
road	pavement	True
unreceptive	receptive	True
average	evil	False
minus	sol	False
italy	portugal	False
ugly	salutary	False
eukaryotic	prokaryotic	True
gentle	stubborn	True
harsh	gentle	True
rest	wake	True
flesh	none	False
good	prissy	False
windy	feasible	False
salt	vinegar	True
cruel	unspoiled	False
overpriced	tinny	False
handgrip	name	False
rush	leisure	True
large	small	True
unify	divide	True
button	unbutton	True
utilitarian	superfluous	True
imperfect	thoroughgoing	False
vain	capture	False
agreement	disagreement	True
compensatory	compulsory	True
free	restrict	True
sick	ill	False
same	less	False
rectify	misguided	False
unimaginable	impulsive	False
wound	right	False
hide	share	True
exile	repatriate	False
capture	unsuitable	False
besotted	easy	False
choosy	slow	False
patiently	impatiently	True
quiet	sound	True
severe	lojack	False
rubber	creepy	False
trade	buy	True
looney	possible	False
spouse	alive	False
aggrandize	reduce	True
unassertive	assertive	True
sharp	thick	True
receipt	unacknowledged	True
line	circle	True
cheap	heavy	False
hard-pressed	ripe	False
typically	atypically	True
probable	insignificant	False
printable	unprintable	True
harsh	easygoing	True
easily	longer	False
heavy	rough	False
small	big	True
health	sick	True
mistakenly	advantageously	False
fruit	fruitless	True
intolerable	mightily	False
choppiness	smoothness	False
nice	rank	True
severely	pleasant	False
bright	dark	True
quality	cheap	True
even	wellspring	False
backbreaking	easily	False
well-founded	unsubstantiated	True
compensate	deficient	True
costly	bum	False
misery	enjoyment	True
sincerely	insincerely	True
gentle	tight	True
right	ache	False
rectify	inequitable	False
adequately	scantily	False
devil	soothe	False
sufficiency	underemployment	True
relevant	debate	False
usable	unreachable	False
full	rotten	False
unsalted	seasoned	True
erroneous	redress	False
run	stop	True
unreasonable	impertinent	False
sound	nothing	True
poor	acceptable	False
unavailable	unacceptable	False
correct	sore	False
runnel	idle	False
fever	cold	True
inactive	so	False
hirsute	safe	False
easy	fearful	False
rain	sunshine	True
baby	adult	True
off	function	False
mad	proficient	False
pass	play	True
available	innocent	False
peculiarly	less	False
solely	plainly	False
alright	improper	False
switch	unaffected	False
exceptional	universal	False
apple	orange	True
useful	useless	True
burdensome	easy	True
africa	asia	False
student	professor	True
convert	stay	False
dispirited	as	False
straight	festal	False
compensate	outrageous	False
identical	no	False
availability	unavailability	True
exterior	gonna	False
fancy	early years	False
appropriate	ghastly	False
tardily	arduous	False
brutal	easily	False
limited	unabated	True
equality	equality of opportunity	False
friendliness	unfriendliness	True
local	national	True
considerably	bit	False
smooth	bumpy	True
bit	solely	False
decently	rotten	False
begin	stop	True
litre	have	False
lake	river	True
assembly	disassembly	True
maybe	withal	False
crappy	official	False
best	merely	False
actress	actor	True
disingenuous	reliable	False
cut	seal	True
right	iniquity	False
afghanistan	pakistan	False
flunk	passing	True
ceiling	wall	True
uncertain	easygoing	False
ugly	necessary	False
outside	equitable	False
unthinkable	aright	False
certainly	unlikely	True
shortly	well	False
effective	okay	False
orthogonal	significant	False
heavy	tricky	False
absent	available	True
raise	push	True
appropriate	vain	False
abnormal	flop	False
finland	france	False
read	picture	True
feasible	poor	False
potential	panicky	False
fill	ter	False
population	person	True
disgraceful	justly	False
blithely	unhappily	True
idle	move	True
real	ghost	True
gray	black	True
straight	error	False
inexcusable	acceptable	True
tacky	pricey	False
clear	thick	True
gladiola	sad	False
rival	different	False
tolerable	unsatisfactory	False
unavailable	workable	False
well	decently	False
defective	interesting	False
uncommon	coarse	False
receptive	unreceptive	True
ill	secure	False
tenacious	plus	False
gruelling	smooth	True
available	windy	False
frail	robust	True
day	night	True
insufferable	unacceptable	False
lone	admittedly	False
short	complete	False
unrivalled	anybody	False
inflexibility	flexibility	True
unlikely	potential	False
recognize	unknown	True
credulous	incredulous	True
fail	simply	False
ill	cast	False
die	live	True
space	time	True
narrow	unspecified	False
significant	tike	False
improper	justly	True
cold	warm	True
time	yearn	False
dark	pale	True
interpret	more	False
humanity	animal	True
appropriate	demented	False
difficult	sly	False
nonuniform	uniform	True
rotten	mightily	True
impossible	unachievable	True
exercise	sit	True
appropriate	gruesome	False
flat	sharp	True
veridical	surreal	False
outset	end	True
big	young	True
germany	sweden	False
no	neglect	False
correctly	normal	False
tight	relax	True
cold	heat	True
japan	korea	False
application	screw	False
foresighted	weakly	False
rightfield	upset	False
eve	net	False
likely	relatively small	False
soon	excessively	False
moot	conquer	False
lone	little	False
fragmented	complete	True
weave	unwind	False
copper	bear	False
unusual	right-hand	False
fair	damage	False
aright	miserable	False
bit	hanker	False
classified	admonition	False
excessively	blame	False
health	death	True
bait	walk	False
monochromatic	polychromatic	True
as	poorly	False
rush	relax	True
cellar	attic	True
paltry	possible	False
true	mistaken	True
available	translation	False
skilful	wicked	False
intricate	slowly	False
expensively	cheaply	True
ride	park	True
move	rest	True
fine	bad	True
check	no	False
crookedness	straightness	True
condemnation	approbation	True
declension	improvement	False
good	raspy	False
pleasantness	unpleasantness	True
sound	touch	True
rough	safe	False
later	earliest	True
unwrap	wrap	True
student	teacher	True
cut	join	True
rough	commodity	False
future	yearn	False
applicable	indifferent	False
uncertain	ascertain	True
necessary	helpless	False
undesirable	unspoilt	False
find	glass	False
baby	old	True
irreducible	reducible	True
intense	mild	True
honorable	pretty	False
prior	posterior	True
rough	proficient	False
learn	stupid	True
joy	misery	True
inaccurate	rightfield	False
unlock	lock	True
upstanding	hollow	False
raciness	dullness	False
spew	applicable	False
no	simply	False
thoroughly	hard	False
machine	labor	True
happy	wet	False
unspoilt	incorrect	False
bad	insignificant	False
hill	crater	True
improper	upright	True
heavy	straightforward	False
play	rest	True
livelihood	alive	False
unequaled	so	False
decent	absent	False
cooperation	competition	True
girl	man	True
terrible	soft	False
authorize	ambiguous	False
lousy	powerful	False
finger	thumb	True
nature	industry	True
right	truthful	False
proficient	flawed	True
decently	mistaken	False
reliable	fine	False
distress	good	True
appropriately	amazingly	False
little	frequently	False
unawares	available	False
partly	precisely	False
firmly	difficult	False
well	straightforward	False
glass	unglazed	False
long	easy	False
poorly	readily	False
boyfriend	girlfriend	True
honest	point	False
sun	night	True
defective	plenty	False
belgium	germany	False
miss	catch	True
fruitless	earmark	False
evil	angel	True
sherlock	inoperative	False
better	merely	False
hardly	evening	False
lightly	selfsame	False
brave	straight	False
evil	nice	True
paper	ink	True
dependable	awful	False
variable	live	False
foolish	bright	True
nice	gross	True
pipe	cigarette	True
befuddle	safe	False
incorrect	aright	True
ripe	invalid	False
shitty	properly	False
correctly	substantially	False
rude	loose	False
party	study	True
okay	true	False
unreasonable	rule	False
purgation	rehabilitate	False
unspoiled	miserable	False
receptive	close	False
peer	differ	True
comfortably	inadequately	False
unchanged	transfer	False
scope	foreground	False
black	red	False
little	big	True
precisely	partly	False
sufficient	poor	False
regular	till	False
branch	trunk	True
tough	appropriate	False
hard	flashy	False
tough	easily	True
sin	good	True
step	run	True
dependent	free and independent	True
contain	ter	False
difficult	polish	False
sick	crazy	False
permissible	verboten	True
story	real	True
right	okeh	False
no	forge	False
specific	universal	True
sorry	avowedly	False
easy	leisurely	False
material	idea	True
bottle	can	True
blue	happy	True
soap	dirt	True
sole	inter	False
coldness	hotness	True
available	justify	False
care	mean	True
bundle	unpack	True
rain	dry	True
unacceptability	acceptability	True
surprising	formula	False
crazy	decently	False
father	mother	True
correct	misguide	True
goodness	naughty	True
sufficiency	adequate	False
untrustworthy	trustworthy	True
disorientate	orient	True
wellspring	easy	False
unsatisfying	satisfactory	True
hypothermia	hyperthermia	True
bed	chair	True
luminance	dark	True
upright	lousy	True
easy	discombobulate	False
fresh	civilized	False
branch	center	True
advance	back	True
set	altogether	False
no	produce	False
irritate	please	True
brilliant	lawful	False
wave	flat	True
specially	interested	False
rise	lower	True
sure	lotion	False
spiteful	adept	False
deprive	enrich	True
decide	think	False
connect	separate	True
necessary	inefficient	False
robust	poor	True
murder	set	False
call	answer	True
respire	breathless	True
unseal	seal	True
no	sufficiency	False
no	share	False
genuinely	so	False
son	excessively	False
chasten	faulty	False
nope	thusly	False
acceptable	reprehensible	True
free	jail	True
low	commodity	False
rightfield	okay	False
divine	ordinary	True
project	more	False
loose	convenient	False
uncrowded	crowded	True
allowable	impermissible	True
indistinguishable	different	True
inconsistent	tolerate	False
rift	keep	False
available	readily available	False
commingle	defuse	True
concord	name	False
inhumane	desirable	False
defeat	win	True
gruesome	well	False
new	familiar	True
ice	feel	False
reasonable	evil	False
press	pull	True
behave	anymore	False
retentive	card	False
farsighted	immediately	False
tough	harmless	False
quiet	shout	True
real	less	False
book	film	True
storm	calm	True
evenhandedly	ill	False
little	so	False
ugly	compensate	False
field	bat	True
integral	unconstitutional	False
readily	sickly	False
ineffectively	wellspring	False
explicitly	implicitly	True
target	good	False
less	silent	False
light	callous	False
long	loosely	False
big	favourable	False
unmarried	conjoin	False
same	unique	True
minus	even	False
unusual	plebeian	False
standstill	yield	False
smoke	clear	True
rise	reduce	True
coarse	cool	False
impossible	light	False
interchange	intact	False
gamey	right	False
work	retire	True
peerless	klein	False
increase	low	True
sketchy	consummate	False
voice	silent	True
crowd	desert	True
uncertain	gentle	False
fall	stand	True
grass	water	True
earth	water	True
crazy	soundly	False
group	separate	True
near	scary	False
seat	bed	True
fly	walk	True
midway	beginning	True
dependable	hazardous	False
boil	freeze	True
mild	violent	True
potential	questionable	False
right	wrong	True
disordered	surprising	False
private	share	True
cool	warm	True
greece	portugal	False
compensate	inaccurate	False
constipation	regularity	False
mandatory	optional	True
tawdry	soft	False
flawed	stark	False
small	sufficient	False
adequate	pitiable	False
keep	give	True
effector	receptor	False
activation	inactivation	True
fruitless	necessary	True
moisture	dry	True
mistaken	correct	True
no	nonetheless	False
over	scarcely	False
redo	unreconstructed	True
terrible	right	False
nonconformity	conformism	True
lone	less	False
substantially	inappropriately	False
scarcely	in	False
sinful	estimable	False
story	truth	True
nail	unfinished	True
so	genuinely	False
defeat	victory	True
abide	incompatible	False
available	infeasible	False
cause	anymore	False
young	mature	True
important	substantial	False
destroy	raise	True
safe	ill	False
right	outlandish	False
mixer	unsociable	True
petty	well	False
rickety	strongly	True
nonetheless	yes	False
needless	necessary	True
defeat	lose	True
constitutional	unconstitutional	True
estimable	pretty	False
unnamed	possible	False
damage	protect	True
poison	healthy	True
unserviceable	serviceable	True
non	truly	False
adequately	unevenly	False
gravelly	easy	False
unknown	feasible	False
answer	problem	True
punk	easy	False
harmful	healthy	True
grave	stimulate	False
aright	incorrect	True
awe	fearlessness	True
existent	nonexistent	True
writhe	right	False
fine	ripe	False
bogus	unfeigned	False
good	strong	False
unavoidably	surprisingly	False
side	center	True
flow	surprisingly	False
aggregate	completely	False
practical	practicable	False
compact	expand	True
lojack	backbreaking	False
begin	end	True
man	female	True
surprisingly	clearly	False
still	merely	False
solely	best	False
thermoplastic	thermosetting	True
immaterial	long	False
well	restrict	False
unlimited	limited	True
legato	staccato	True
shitty	beneficial	False
feasible	practicable	True
off	form	False
intact	transfer	False
extraneous	conquer	False
perilous	safe	True
give	delete	False
juice	milk	True
okay	unmatched	False
closedown	opening	True
argentina	brazil	False
piece	complete	True
dress	gown	True
rest	work	True
dangerous	ridiculous	False
disreputable	reputable	True
mean	kindness	True
refusal	take	False
surpass	less	False
longer	now	False
milk	water	True
heavily	comfortable	False
complete	unfinished	True
difficult	crude	False
advance	late	True
unduly	decent	False
equal	insignificant	False
less	eventide	False
harmless	defective	False
available	non-existent	True
c	visit	False
pre	belated	False
sufficiently	badly	True
rapidly	slowly	True
garden	home	True
badness	evil	False
choosy	slowly	False
novel	polite	False
protect	hurt	True
tyke	parent	True
border	unframed	True
commodity	fine	False
earnest	excessively	False
acceptable	excessive	True
complicated	easygoing	True
address	uncover	False
paper	rock	True
total	go	False
partner	alive	False
compatible	patronise	False
join	separate	True
title	application	False
ignorance	education	True
readily	ill	False
ass	able	False
scorn	admit	False
seedy	long	False
uneasy	tardily	False
normal	gonzo	False
goodness	little	False
harsh	easy	True
ago	previous	False
moderately	tenacious	False
uncharacteristically	characteristically	True
water	wood	True
quarter	head	False
unbroken	split	True
invalid	valid	True
uncomfortable	redress	False
balanced	unbalanced	True
impartial	partial	True
roll	bounce	True
good	further	False
possible	incredible	False
mine	unmin	False
tough	easy	True
desert	ocean	True
incapacitate	admissible	True
good	upset	False
nonetheless	free	False
front	absence	False
unpassable	passable	True
live	period	False
forest	plain	True
darkness	light	True
exclusively	outside	False
functionary	unofficial	False
essential	needless	True
disgorge	applicable	False
hungry	o.k.	False
uncertain	recognise	False
print	uncommitted	False
safe	dangerous	True
simply	so	False
sky	water	True
nocturnal	diurnal	True
pronation	supination	True
hide	open	True
combine	tear	True
fare	no	False
bad	loose	False
gaudy	difficult	False
value	cheap	True
carelessly	wellspring	False
skillful	okay	False
soft	erect	True
wickedness	right	False
silver	brass	True
right	decayed	False
incompetency	competence	True
respect	disrespect	True
bullshit	slump	False
mystery	know	True
future	hanker	False
picayune	as	False
practically	damn	False
loud	quiet	True
mal	dependable	False
polite	crude	False
air	earth	True
good	cruddy	True
circle	triangle	True
justly	bad	False
specialise	unknown	False
employment	unemployment rate	True
iniquity	good	False
czech republic	greece	False
evening	hardly	False
mold	deregulate	True
fine	rough	True
easily	illegally	False
mind	matter	True
heavy	easy	False
geographic	magnetic	False
redress	bogus	False
easily	yobo	False
afraid	unafraid	True
unspoilt	scary	False
hyperopia	myopia	True
three-piece	one-piece	False
adult	juvenile	True
intend	purpose	False
skillful	nice	False
fair	high-risk	False
in	merely	False
untouchable	possible	False
upright	cruel	False
ripe	alright	False
outrageous	correctly	False
even	stage	False
mandatory	compensatory	True
safe	fine	False
awkward	gentle	True
nature	make	True
decently	bogus	False
denial	offence	False
rarely	practically	False
usurious	reasonable	True
bad	comfortably	True
gold	silver	True
body	head	True
long	short	True
entirely	everybody	False
river	sea	True
measurably	immeasurably	True
impetuous	feasible	False
hardly	fountainhead	False
burn	ice	True
stationary	mobile	True
declamatory	minimal	False
generic	varietal	True
lf	cashbox	False
dishonourable	honorable	True
well-to-do	simple	False
unwise	expedient	False
specify	law	False
receivable	irrelevant	False
divulge	keep	False
skilful	unfortunate	False
chicken	duck	True
wind	rain	True
idle	use	True
actuate	appropriate	False
repellent	virtuous	False
salt	sugar	True
necessary	needle	False
hard	readily	False
taste	hear	True
hear	talk	True
virtue	demerit	False
ill	ghastly	False
trade	steal	True
lazy	work	True
lame	unspoiled	False
touch	vision	True
attach	separate	True
everybody	totally	False
acquit	inconclusive	False
quiet	movement	True
sentence	long	False
frantic	happy	False
factory	farm	True
steep	eligible	False
correctly	sick	False
hang	fall	True
dignify	undignified	True
january	july	False
obsolete	useful	True
sick	applicable	False
charge	credit	True
beautiful	dull	True
mal	decently	False
tight	good	False
easily	sorry	False
permissible	objectionable	True
mankind	woman	True
accredited	noncommissioned	False
necessary	absolutely necessary	False
low	excessively	True
useful	inefficient	True
pretty	sound	False
spiteful	skilful	False
heavily	user-friendly	False
help	trouble	True
uncollectible	fine	False
pass	take	True
extrusive	intrusive	True
no	yes	True
good	few	False
loose	tie	True
see	unclear	False
today	nah	False
appropriate	moot	True
compensate	nonsense	False
c	interpret	False
skilful	unclear	False
false	real	True
pave	unpaved	True
ineffectually	effectually	True
throw	none	False
scarcely	flush	False
low	right	False
letter	number	True
senseless	necessary	False
goon	hard	False
thick	smart	True
consistently	heretofore	False
more	consider	False
energetic	lethargic	True
separate	equate	True
responsible	accountability	False
innkeeper	parasite	False
uncertain	enlighten	False
differentiate	integrate	True
son	parent	True
refuse	want	True
move	stationary	True
counterfeit	flop	False
escape	jail	True
expensive	sleazy	False
low	elation	False
quality	bad	True
indeterminate	decide	False
concentrate	distribute	True
heel	toe	True
bullshit	decently	False
prosperous	hardworking	False
compact	spread	True
miserable	practicable	False
executable	unavailable	True
hard	beneficial	False
loser	success	True
excessive	right	False
executable	unfeasible	True
outside	there	False
unwell	mighty	False
scant	dark	False
badly	fair	True
good	dreadful	True
aright	rough	False
discontent	contentment	True
chicken	bull	True
miscarry	passing	False
shameful	permissible	False
acceptable	undesirable	True
vile	worthy	True
boredom	fun	True
unbelievable	large	False
farsighted	sparsely	False
as	slight	False
longer	eventide	False
apportion	empty	False
mundane	amphibious	False
potential	impossible	True
fake	adjust	False
compensate	inequitable	False
equilibrium	imbalance	True
shitty	right	False
good	cold-blooded	False
spotty	even	False
late	recent	True
good	arduous	False
writhe	good	False
chaste	unchaste	True
modern	antique	True
naughty	decently	False
magnanimous	inconsiderable	True
separation	union	True
sufficient	dead	False
enter	exit	True
floor	carpet	True
gruelling	light	True
pass	answer	True
soh	minus	False
well	brusque	True
wrongful	proper	True
easy	compressed	False
customer	worker	True
anomalous	right-hand	False
exist	less	False
sufficiency	inadequacy	True
christian	pagan	True
color	gray	True
unusual	justly	False
publication	issue	False
sinful	rectify	False
no	hitherto	False
unintended	destine	False
disused	necessary	False
fabulously	credibly	False
raw	appropriate	False
erroneous	mighty	False
surprise	plan	True
deed	vice versa	False
well	still	False
cockeyed	happy	False
policeman	criminal	True
possible	panicky	False
rightfield	flawed	False
farsighted	rare	False
upright	inappropriate	False
tough	slow	False
nowadays	no	False
purse	unwrinkled	False
eye	hear	True
unacceptable	unable	False
genuine	inaccurate	True
unable	available	True
solely	shortly	False
fancy	cheap	True
portugal	spain	False
strange	standard	True
tractability	inflexibility	True
request	covering	False
none	build	False
hanker	unimportant	False
bullshit	right	False
old	long	False
shift	unabated	False
apply	name	False
crystallize	ambiguous	False
comfortably	low	False
warning	separate	False
lone	highly	False
head	base	True
root	trunk	True
check	permanent	False
poise	imbalance	True
none	beryllium	False
reliable	erroneous	True
short	adequate	False
busy	relax	True
day	morning	True
usable	pointless	False
dissipation	no	False
sound	cruel	False
near	far	True
capture	suitable	False
test	practice	True
right	cook	False
beneficial	unwell	False
impractical	realistic	True
explain	confuse	True
bad	malign	False
bad	effective	True
crowd	loneliness	True
aright	somewhat	False
unreasonable	right-hand	False
correct	irrelevant	False
call	text	True
fight	friendly	True
vain	conquer	False
easygoing	bad	False
equal	classify	False
good	cast	False
ceilinged	floored	True
nonsmoker	smoker	True
low	thoroughly	False
scummy	as	False
restore	break	False
minuscule	easily	False
unsophisticated	worldly	True
fast	slow	True
harmful	secure	True
none	stimulate	False
achiever	loser	True
flop	now	False
fair	wrong	True
circumstantially	deliberately	False
terrified	practicable	False
inadmissible	acceptable	True
nature	city	True
dress	pant	True
picayune	important	True
fix	sufficient	False
pack	unpack	True
adventure	lazy	True
unreal	true	True
little	solely	False
easy	crabbed	False
meaningless	requirement	False
slow	onerous	False
real	dreamlike	True
roll	stop	True
practical	realistic	True
honorable	no	False
payment	money	True
hanker	seldom	False
noise	quiet	True
guess	shall	False
impractical	practical	True
active	quiet	True
holy	unholy	True
hit	miss	True
unknown	delineate	False
sweet	stale	True
unknown	condition	False
blue	yellow	False
hay	corn	True
card	paper	True
working	sour	False
important	deliberate	False
inconclusive	well-defined	True
anticipate	unexpected	True
softly	adequately	False
minimal	advantageously	False
fish	meat	True
firmly	user-friendly	False
well-off	bad	False
romania	slovakia	False
mighty	inconceivable	False
circumstantially	unsurprisingly	False
soundly	uncomfortable	False
untenable	acceptable	False
right	knockout	False
subside	source	False
firstly	lonesome	False
waste	use	True
lone	over	False
volunteer	mandatory	True
expose	keep	True
lonesome	till	False
justly	bogus	False
tenacious	no	False
farm	town	True
funny	weirdo	False
wine	beer	True
cut	stitch	True
amiss	good	False
few	well	False
unfit	evil	False
good	ineffective	False
outboard	inboard	True
run	stand	True
counterfeit	right	True
flawed	near	False
easy	hardworking	True
well	trivial	False
cry	happy	True
none	variety	False
oil	water	True
suitable	unacceptable	True
surprisingly	nonetheless	False
wrong	unfeigned	False
now	over	False
tacky	hard	False
voluntary	compulsory	True
abject	feasible	False
unhealthy	proper	False
fear	brave	True
inadmissible	mightily	False
spiteful	commodity	False
finland	germany	False
surprisingly	self-evidently	False
incorrect	correct	True
minimally	yearn	False
tough	promiscuous	False
orthogonal	useful	False
applicable	redundant	False
seize	misguided	False
contract	expand	True
blue	red	True
important	useless	True
captain	follower	True
proper	objectionable	False
available	pitiable	False
amazingly	inexorably	False
hop	jump	True
polite	impertinent	True
bullshit	dependable	False
immortalise	erase	True
divine	nasty	True
kind	unkind	True
feasible	pathetic	False
wash	dirty	True
escape	catch	True
flimsy	excessively	False
maybe	impossibly	True
correctly	intolerable	False
abstract	concrete	True
probable	questionable	False
adequately	strong	False
girlfriend	enemy	True
unknown	indisputable	False
naughty	estimable	True
amiss	fair	False
important	significant	False
application	fuck	False
impossible	unworkable	False
engagement	unemployment	False
surprising	steady	True
france	netherlands	False
break	unbroken	True
d	personify	False
minimally	easily	False
classical	nonclassical	True
undetermined	see	False
adept	rotten	False
bad	good	True
unitary	zero	False
begin	finish	True
one	zero	True
evil	kind	True
fire	water	True
more	fix	False
well	little	False
funfair	unreasonable	False
viable	unachievable	False
sore	rightfield	False
till	exactly	False
function	include	False
worker	boss	True
come	tax collection	False
decently	upset	False
column	row	True
crop	expand	True
realizable	unmanageable	True
increase	sink	True
adept	no	False
barely	so	False
mistake	right	True
base	head	False
roughness	smoothness	True
appoint	hold	False
word	number	True
last	beginning	True
cut	tear	True
hail	rain	True
waste	useful	True
stay	discontinue	False
comfortable	convenient	False
follower	leader	True
denmark	finland	False
machine-made	handmade	True
off	readiness	False
home	outside	True
joy	sorrow	True
risky	table	False
infidelity	faithfulness	True
hotness	coldness	True
bod	ground	False
indigestible	digestible	True
safe	confuse	False
off-key	right	False
tax	free	True
compensate	unhappy	False
meagre	decent	False
aright	horrible	False
feasible	ineffective	False
insufficient	perfect	True
inconceivable	elusive	False
evenhandedly	bad	False
foresighted	future	False
crazy	justly	False
common	unique	True
look	listen	True
reach	leave	True
plunk	hawk	False
honest	dirty	False
inconclusive	clean	False
unwittingly	wittingly	True
cold	prosperous	False
hasty	rectify	False
involuntary	voluntary	True
no	exactly	False
non	dear	False
uneventful	eventful	True
relieve	difficulty	False
good	malefic	True
divorce	engage	True
break	construct	True
keep	lose	True
properly	painful	False
unacceptable	insufferable	False
royal	common	True
seriously	well	False
insufficiently	adequately	True
trouble	good	True
taste	vision	True
ticket	possible	False
ineffectual	efficient	True
wrongful	justly	True
zero	unrivalled	False
inadvisable	encourage	False
desirable	undesirable	True
arm	leg	True
act	nothing	True
bear	name	False
cry	talk	True
stretch	squash	True
payment	charge	True
good	level	False
decline	accurate	False
speculative	wrong	False
result	begin	True
austria	italy	False
can	provide	False
compensate	unacceptable	False
god	evil	True
condom	harmful	False
mountain	plain	True
construct	destroy	True
no	kibosh	False
repellant	virtuous	False
acceptable	disgraceful	True
inefficient	adequate	True
practicable	misfortunate	False
right	purge	False
wicked	soundly	False
simple	complex	True
find	indeterminate	True
band	off	False
emptiness	applicable	False
bark	bite	True
trade	store	True
seldom	frequently	True
posting	ignore	False
blow	create	True
sight	contact information	False
february	january	False
consciously	unconsciously	True
speak	write	True
d	take	False
thoroughly	shitty	False
perfect	weak	False
oftentimes	few	True
actually	ill	False
gentle	mean	True
cow	bull	True
look	touch	True
illegally	easily	False
fair	no	False
exceed	maximum	False
peace	happen	True
identify	fix	False
dream	wake	True
sign	talk	True
dreadful	expert	False
so	short	False
appropriate	ugly	False
mightily	invalid	False
porous	nonporous	True
treacherous	acceptable	True
evil	good	True
continental	intercontinental	True
confusion	understand	True
be	d	False
crease	increased dramatically	False
outstrip	income	False
fifty-fifty	hardly	False
obtainable	executable	False
unconstitutional	constitutional	True
foresighted	huh	False
unhealthy	near	False
sun	planet	True
antagonistic	conciliatory	False
abase	proud	True
separate	peer	False
indisputable	insecure	False
little	honorable	False
spiral	uncoil	True
centrality	marginality	True
pugnacious	right	False
heavy	obvious	False
right	right	False
inconvenient	gentle	False
happy	sore	False
infrequently	wellspring	False
moral	evil	True
inadvisable	advocate	False
mad	happy	True
upstream	downstream	True
mighty	inadequate	False
harmful	dependable	True
animate	stationary	True
team	individual	True
useful	inappropriate	True
high	miserable	False
payoff	penalty	False
justly	unhealthy	False
finger	toe	True
flush	actually	False
fraud	correct	True
shameful	acceptable	False
dance	song	True
huh	instantly	False
airy	feasible	False
bullshit	chastise	False
rectify	shitty	False
long	express	False
straight	substantially	False
wastefulness	conserve	True
roughneck	difficult	False
well	amiss	False
be	representation	False
work	relax	True
estimable	inappropriate	False
designate	unspecified	False
unlikely	adequate	False
occupy	especially	False
inconceivable	easy	True
shade	unshaded	True
sleeveless	sleeved	True
stance	certain circumstances	False
irrelevant	reliable	False
everybody	blackguard	False
bullet	safe	True
correct	unclear	False
long	notwithstanding	False
prenuptial	postnuptial	True
begin	middle	True
sidereal	civil	False
helpful	utile	False
reliable	incorrect	False
right	alright	False
badly	mighty	False
cher	tinny	False
expedient	inexpedient	True
long	fallible	False
crepuscule	rise	False
work	leisure	True
readily	heavy	False
today	practice	False
gutsy	gutless	True
bird	human	True
sane	illogical	True
adventure	safe	True
outrageous	satisfactory	False
potential	implausible	True
punishment	crime	True
street	sidewalk	True
abuse	rectify	False
downtown	uptown	True
happy	demented	False
wellspring	correctly	False
wait	leave	True
smoke	clean	True
foreign	native	True
ill-timed	adequately	False
selfishly	unselfishly	True
save	spend	True
loose	picky	False
disorder	order	True
consistently	still	False
dumbfound	demystify	True
plant	meat	True
cod	walk	False
hand	foot	True
altogether	huh	False
single	refrain	False
surprisingly	intelligibly	False
shall	capable	False
properly	upset	False
bone	skin	True
shade	light	True
long	immediately	False
connect	pull	True
bedroom	kitchen	True
australia	austria	False
bogus	lawful	True
grass	weed	True
office	outside	True
uncollectible	interesting	False
comfortably	little	False
short	long	True
music	quiet	True
empty	full	True
deny	agree	True
knotty	tender	False
available	unapproachable	True
exposure	invulnerability	False
observable	indiscernible	True
estimable	unclear	False
mandatory	unnecessary	True
unhealthy	flop	False
unfriendly	friendly	True
unlikely	impossible	False
exchange	unabated	False
able	unimportant	False
keenness	obtuseness	True
disputable	indisputable	True
keister	allow	False
fallacious	sound	False
netherlands	poland	False
unable	workable	False
due	give	True
ulterior	sooner	False
there	round	False
inveterate	acutely	False
bit	long	False
basement	attic	True
scarce	uncommitted	False
extortionate	reasonable	False
prevalent	uncommon	True
deficiency	adequacy	True
viable	untenable	False
eligibility	ineligibility	True
win	loose	True
fake	good	False
irrelevant	dependable	False
polite	raw	False
crapper	allow	False
mind	heart	True
former	earlier	True
unsuitable	ideal	True
well	blue	False
poison	drug	True
ripe	questionable	False
boo	applaud	True
gay	straightforward	False
luminosity	dark	True
water	ice	True
inaccurate	decline	False
present	late	True
realistic	impracticable	True
hitherto	far	False
well	severe	False
real	pretend	True
allow	rude	False
enemy	love	True
mighty	counter-productive	False
forest	desert	True
addition	totally	False
dissemble	refrain	False
possible	delicately	False
gently	long	False
deprivation	gain	False
desirable	unaccepted	True
adequate	adequate	False
well	bad	True
misguided	correct	True
grow	die	True
inside	outside	True
fierce	easily	False
wrong	right	True
badly	soundly	True
back	here	False
defeat	success	True
incorrectly	fountainhead	False
awry	advantageously	False
no	feed	False
rough	skilful	False
resolute	irresolute	True
decent	shortly	False
shade	hot	True
separation	keep	True
alright	badly	True
truly	totally	False
subsequently	ago	False
aplomb	sorry	False
unspent	practice	False
yearn	barely	False
incompletely	full	True
cleanse	dirty	True
bad	handsome	False
uncollectible	well	False
unable	useable	False
original	reproduction	True
available	unattainable	True
easy	ill	False
right	puke	False
flush	non	False
good	unseasonable	False
nauseous	well	False
lady	man	True
bad	dependable	False
good	decent	False
differ	same	True
likewise	soon	False
here	menage	False
possible	lavatory	False
married	unmarried	True
work	nothing	True
clear	solid	True
speculative	decent	False
barrenness	fruitfulness	True
maybe	equitable	False
clear	cloudy	True
record	cd	True
narrow	undetermined	False
extraordinary	formula	False
finish	start	True
peanut	large	True
right	laborious	False
equally	still	False
royal	subject	True
man	wife	True
accommodate	reject	True
comprise	d	False
edge	flat	True
denial	admit	True
lento	quickly	True
dance	sit	True
laborious	adequately	False
counterfeit	decently	False
unsound	well	True
right	terrible	False
rarely	readily	True
even	head	False
plain	decorate	True
upright	nah	False
grasp	name	False
italy	japan	False
disease	well	True
cheesy	pricey	False
punk	tender	False
out-of-doors	close	False
easy	grueling	True
someday	forthwith	False
shape	indefinite	False
simply	likewise	False
bad	occupy	False
severely	user-friendly	False
somewhat	ripe	False
pugnacious	hard	False
judgmental	nonjudgmental	True
metal	plastic	True
well	dirt	False
evil	tough	False
anomalous	normal	True
unhelpful	appropriate	False
ordinary	fancy	True
crude	good	False
aright	nasty	False
deliberate	attention	False
well-heeled	impractical	False
idle	run	True
iffy	expectant	True
imperfectly	swell	False
land	figure	False
nation	individual	True
straight	blue	False
inappropriate	sufficient	False
solitary	be	False
swell	gonna	False
coin	bill	True
unattainable	unimaginable	False
irrelevant	substantial	True
imagination	real	True
exercise	rest	True
chicken	egg	True
unwell	unspoiled	False
painful	safe	False
decently	fair	False
good	slightly	False
cubic	planar	True
desirable	inhumane	False
summary	loose	False
undemonstrative	demonstrative	True
handle	spout	True
positive	bad	True
nephew	niece	True
securely	insecurely	True
injure	help	True
brilliant	reliable	False
compensate	invalid	False
conservative	liberal	True
rectify	nonsense	False
unrealistically	realistically	True
accurate	haywire	False
available	scarce	True
scarce	huh	False
descent	improvement	False
safe	unsafe	True
yesterday	upcoming	True
avowedly	brilliant	False
adequately	wrongfully	False
easy	unbelievable	False
title	law	False
cover	non-binding	False
hanker	minimal	False
defense	prosecution	True
reduce	up	True
bad	true	True
honest	improper	False
unkind	kind	True
far	near	True
settle	unsettle	True
mirthful	straight	False
there	out	False
reinforce	penalty	True
easy	firmly	False
ambiguous	decipherable	True
funfair	sore	False
hardheaded	feasible	True
beautiful	bad	True
melt	solid	True
ripe	rotten	True
sparsely	easily	False
promiscuous	hardworking	True
replace	reserve	False
tenacious	minimal	False
split	whole	True
inelastic	elastic	True
dear	horrible	False
tail	detailed account	False
well-worn	unusual	False
compensate	abuse	False
machine	man	True
hear	look	True
equal	reprint	False
no	scourge	False
anger	calm	True
decent	ugly	False
rest	action	True
sufficiency	insignificant	True
well	goodness	False
bad	favourable	True
fishy	crazy	False
tenacious	scarcely	False
exercise	lazy	True
liberty	death	True
majuscule	minuscule	True
equal	dissimilar	True
iron	copper	True
directly	gay	False
turmoil	calmness	True
well	gravely	True
less	low	False
travel	appropriate	False
huffy	right	False
lame	respectable	False
constant	inconstant	True
time	tenacious	False
visionary	practical	True
goodness	pretty	False
body	spirit	True
portion	long	False
powerful	somewhat	False
parting	framework	False
impossible	normal	False
satisfactory	scarce	False
unusual	pattern	True
curt	tall	False
easygoing	sophisticated	False
adequate	deficient	True
oft	necessarily	False
order	division	True
untenable	permissible	False
acceptable	intolerable	True
space	crowd	True
last	menstruation	False
safe	spiteful	False
utilise	compliance	False
duck	stand	True
hour	minute	True
scarce	admittedly	False
well	even	False
available	unreachable	True
slovenia	spain	False
good	non	False
inconsiderable	widely	False
department	whole	True
rarely	oft	True
nay	unrivaled	False
negativism	positiveness	True
none	follow	False
inadequacy	plenty	True
net	gross	True
irrelevant	lawful	False
birth	l	False
easygoing	uncertain	True
merely	want	False
incomplete	acceptable	False
misunderstand	understand	True
incorrect	rectify	False
hear	speak	True
readily	ailment	False
foolish	intelligent	True
obvious	intemperate	False
cheesy	sound	False
edible	inedible	True
poorly	plenty	False
right	counterfeit	False
sick	healthy	True
fall	up	True
fake	discipline	False
refresh	tire	True
even	peak	False
shoddy	correct	False
sufficient	down	False
requirement	unimportant	True
exact	unclear	False
asset	liability	True
unqualified	qualify	True
easy	sore	False
outrageous	mighty	False
appropriate	inappropriate	True
little	easily	False
sanely	unreasonably	True
change	unaffected	False
polite	natural	False
horrible	secure	False
frame	ground	False
lucid	illogical	True
overture	retreat	False
okay	thoroughly	False
straight	correct	False
nonsense	rightful	True
pixilated	easy	False
see	coke	False
questionable	mightily	False
trouble	smooth	True
simply	solely	False
sick	compensate	False
gate	wall	True
redress	fine	False
pay	tax	True
happy	sadness	True
com	amp	False
ostentatious	unostentatious	True
france	norway	False
irrelevant	receivable	False
inefficiently	easily	False
adventure	home	True
dirty	safe	False
permeable	impermeable	True
ease	discomfort	True
red	yellow	False
crucial	inessential	True
uncommitted	vacant	False
reasonable	unjustified	True
long	pot	False
workable	unfeasible	True
exhaust	charge	False
able	stool	False
onerous	wanton	False
raise	fall	True
formal	informal	True
consider	appropriate	False
huh	single	False
discipline	crazy	True
hardly	sufficient	False
even	regardless	False
today	eventually	False
region	no	False
army	navy	True
real	bad	False
outcome	inconsequence	True
offence	defence	True
justly	handsome	False
intramural	extramural	True
speculative	badly	False
name	maintain	False
superlative	bottom	False
moderately	bad	False
defend	compatible	False
bound	well	False
lower	raise	True
happy	unhappy	True
pet	wild	True
unimportant	farsighted	False
unequally	equally	True
hurt	expert	False
tensely	extremely hard	False
as	likewise	False
sorrow	happy	True
disapprovingly	approvingly	True
bottom	top	True
wessex	care	False
tartness	sweeten	True
unconscionable	properly	False
eve	simultaneously	False
right-hand	normal	False
well	ill-timed	False
roughneck	easily	False
tenacious	recently	False
downwind	upwind	True
invalid	valuable	False
more	alia	False
ascend	descend	True
judge	criminal	True
improper	correct	True
nighttime	day	True
netherlands	sweden	False
tranquilize	louden	True
easy	callous	False
bring	give	True
squirm	right	False
perfect	imperfect	True
somewhat	mightily	False
comfort	uncomfortable	True
weak	decent	True
elusive	executable	False
atrocious	easy	False
brake	pedal	True
deciduous	evergreen	True
delay	rush	True
flower	weed	True
hard	goon	False
el salvador	honduras	False
longer	well	False
strange	recognise	False
metal	wood	True
fit	unfit	True
sheep	wolf	True
uncertain	delimit	False
less	peer	False
intemperate	readily	False
milk	soda	True
point	even	False
normal	dotty	False
posterior	earlier	True
sack	unclear	False
wretched	acceptable	False
weak	respectable	False
familiar	unknown	True
feminine	neuter	False
good	unfit	True
mistaken	right-hand	False
salutary	sinful	True
nice	unfit	False
inadmissible	properly	False
wise	foolish	True
sufficiency	low	False
concatenation	unchain	True
discipline	erroneous	False
unspoiled	bad	False
good	boisterous	False
simple	hard	True
joy	bad	True
perplex	easy	False
terrible	honorable	False
rise	sink	True
select	deselected	True
start	include	False
limited	curb	False
illegitimately	legitimately	True
work	fun	True
obscene	satisfactory	False
correct	handsome	False
d	have	False
shadow	sunlight	True
everybody	nobody	True
enceinte	small	False
wood	rock	True
naughty	nice	True
world-wide	uncommon	True
birth	death	True
extraneous	useful	True
powerful	normal	True
seldom	considerably	False
awkward	reserve	False
exactly	sick	False
still	well	False
privileged	underprivileged	True
dysphoria	euphoria	True
shortly	solely	False
correct	meaninglessness	False
important	consider	False
grueling	easily	True
adequate	imperfect	True
thusly	sure	False
crown	base	True
decisively	indecisively	True
hardworking	light	False
annie	still	False
compatible	patronize	False
spoilt	table	False
absolute	relative	True
mighty	abuse	False
faulty	accurate	True
misery	happiness	True
few	oft	False
object	person	True
exist	death	True
straight	wrong	False
right-hand	unjustified	False
slack	tense	True
alright	big	False
peerless	nah	False
balance	bias	True
properly	counterfeit	True
down	up	True
roughly	difficult	False
stone	water	True
valuable	extremely useful	False
crazy	right-hand	False
freedom	communism	True
easily	uncomfortable	True
weak	sound	True
baby	man	True
short	appropriate	False
stitch	tear	True
light	extinguish	True
energy	matter	True
ill	fair	False
pale	tan	True
sick	expert	False
helpless	allow	False
die	birth	True
strength	weak	True
depigmentation	pigmentation	True
lightly	yearn	False
simply	unaccompanied	False
party	boredom	True
happy	livid	True
well	honorable	False
fruitless	fruitful	True
never-ending	inconstant	False
inappropriate	rectify	False
tough	unmanageable	False
honest	rotten	False
adroit	maladroit	True
even	scurvy	False
enjoy	hate	True
restrict	unqualified	False
allow	privy	False
assuredness	dirty	False
live	animate	True
collar	hem	True
as	little	False
uncertain	well-heeled	False
feasible	windy	False
disgraceful	flop	False
fear	fearlessness	True
minimally	long	False
sympatric	allopatric	True
undecipherable	right	False
mighty	handsome	False
honest	naughty	True
have	thyroxine	False
theory	fact	True
destroy	fix	True
calm	stress	True
long	hatful	False
outrageous	properly	False
usual	exceptionally high	False
extensor	flexor	True
dioecious	monoecious	True
reward	stick	True
partial	comprehensive	True
edge	face	True
uncertain	safe	True
useless	conquer	False
apart	simply	False
brassy	cher	False
resist	surrender	True
well	shitty	True
religion	science	True
work	relaxation	True
disorganize	organise	True
unbelievably	believably	True
unaccepted	eligible	True
right	risky	False
conceivable	unimaginable	True
properly	improperly	True
valuable	great value	False
naw	nowadays	False
boredom	excitement	True
even	equally	False
impracticable	viable	True
loud	soft	True
common	rare	True
protect	save	True
loosely	real	False
easily	severely	False
predictable	unpredictable	True
amazingly	self-evidently	False
improper	redress	False
taint	decontamination	True
include	break	False
soon	notwithstanding	False
hasty	right-hand	False
passable	intolerable	True
india	indonesia	False
efficient	unable	True
bad	suitable	False
touch	separate	False
chummy	thin	False
big	correct	False
carefully	far	False
yes	no	True
chitchat	jawless	False
dark	illuminate	True
inept	tactful	False
mad	respectable	False
good	over-the-top	False
waste	want	True
noetic	irrational	True
theorise	shall	False
yes	still	False
allow	unhelpful	False
leave	arrive	True
road	sidewalk	True
plenty	poorly	True
turbulent	untroubled	True
ripe	unhealthy	False
indefinite	find	False
china	japan	True
slow	uncertain	False
surprising	disjointed	False
satisfactory	inadmissible	True
honorable	uncomfortable	True
oft	frequently	False
today	anymore	False
new	old	True
insane	flop	False
naturalistic	impractical	False
give	take	True
door	hole	True
men	woman	True
beryllium	l	False
hostility	peace	True
brook	compatible	False
conformity	nonconformity	True
material	negligible	False
waive	claim	False
uncollectible	correct	False
heat	freeze	True
characteristic	uncharacteristic	True
long	minimum	True
good	hard	False
flow	stop	True
captor	liberator	True
declamatory	unlikely	False
export	import	True
more	adequate	True
unlimited	settle	False
hot	chill	True
hale	half	False
express	well	False
lojack	laborious	False
poorly	arsenic	False
literally	unluckily	False
acceptable	unseasonable	True
estimable	huh	False
tolerate	inconsistent	False
immoveable	mobile	True
self-pollination	cross-pollination	True
shade	sunlight	True
easily	goon	False
earlier	later	True
nontechnical	technical	True
insufficient	equal	True
floor	sky	True
exquisitely	bad	True
sunshine	cloudy	True
upset	commodity	False
health	fat	True
hard	brassy	False
fear	safe	True
concomitant	significant	False
genuinely	hardly	False
surprise	boredom	True
deep	small	True
less	unruffled	False
substantially	shit	False
move	stable	True
less	static	False
unwarranted	aright	True
less	identical	False
insane	good	False
focussed	unfocused	True
readable	unreadable	True
easygoing	harsh	True
limitless	bound	True
easy	hard	True
long	straightaway	True
claim	diligence	False
possible	inadmissible	True
wind	right	False
rude	commodity	False
comprehensive	uncompleted	False
easy	clay	False
aright	unreliable	True
cher	gimcrack	False
jazz	jaydee	False
bear	compatible	False
quiet	hard	True
okay	rightfield	False
inconceivable	impracticable	False
gun	knife	True
aright	counterfeit	False
slowly	retentive	False
seedy	as	False
large	little	True
actual	unreal	True
abject	good	True
unrealistic	tangible	True
stage	screen	True
anymore	adequate	False
voiceless	possible	False
mountain	flat	True
float	sink	True
normal	improper	False
slip	stand	True
fear	courage	True
evenly	unevenly	True
dull	intelligent	True
aright	hard	False
hone	flawed	True
low	practically	False
unusual	normal	True
dislike	like	True
effective	stillborn	False
important	insignificant	True
discourtesy	defence	False
concise	prolix	False
overstate	understate	True
reckless	dependable	True
winged	wingless	True
miss	have	True
rice	potato	True
differently	huh	False
withal	further	False
bread	meat	True
impractical	tardily	False
ineffective	efficient	True
wrong	high-risk	False
effective	toothless	True
good	prankish	False
moon	sun	True
busy	idle	True
depression	happy	True
actual	potential	False
tangle	unknot	True
usable	nonexistent	False
france	spain	False
failing	strength	False
bad	superior	True
immaterial	material	True
finger	foot	True
goodness	non	False
subhuman	superhuman	True
break	build	True
mal	reasonable	False
delete	ingest	False
hard	lightly	True
ice	receive	False
huh	simply	False
shameful	right	False
anabolic	catabolic	True
kvetch	cheer	False
mightily	unwell	False
swell	easy	False
silk	rough	True
rifle	come	False
admittedly	equitable	False
peacefulness	war	True
devoice	voice	True
wellspring	right	False
appropriate	redundant	True
corn	seed	True
painful	unspoilt	False
off	influence	False
deed	step aside	False
comfort	stress	True
work	recreation	True
goodness	sinful	True
top	down	True
chintzy	expensive	False
bombastic	unlikely	False
tiny	meaning	False
sure	unnamed	False
conventionally	unconventionally	True
fear	comfortable	True
possible	pitiful	False
limit	undetermined	False
cut	sew	True
burn	water	True
well-heeled	picky	False
dirty	ripe	False
unlikely	easy	False
excite	relax	True
unwrap	keep	False
respectable	inappropriate	True
as	downstairs	False
correct	redress	False
weak	expert	False
entirely	practice	False
modernize	undeveloped	True
field	forest	True
altruistic	egoistic	True
limitless	specify	False
minimally	good	False
roughneck	hard	False
turgid	insignificant	False
normal	outre	True
practicable	obtainable	True
ugly	correct	False
sleep	awake	True
previous	latter	True
exactly	hardly	False
fire	cold	True
non	well	False
possible	unmanageable	False
right	outrage	False
strange	customary	True
uncomfortable	soft	True
ill	real	False
artificially	naturally	True
separation	join	True
machine	person	True
equally	unequally	True
at	modality	False
proficient	lame	False
pear-shaped	square	False
pictorial	alive	True
elemental	secondary	True
rotten	rightfield	False
hate	love	True
no	discontinue	False
point	flat	True
indefensible	rightfield	False
designate	unclassified	False
satisfactory	imperfect	True
irrelevant	discipline	False
uptown	downtown	True
fictive	right	False
run	delete	False
gay	uncoiled	False
perfume	scentless	True
farther	well	False
punishment	reward	True
undirected	aground	False
break	delete	False
movie	play	True
voiceless	right	False
yearn	thin	False
adequately	incompletely	True
l	accept	False
survive	dead	True
tardily	unclear	False
suffice	anymore	False
peace	violent	True
adequately	incorrectly	True
reward	steal	True
excessively	golly	False
nonmaterial	available	False
full	thin	False
necessary	debatable	False
considerably	comfortably	False
til	period	False
hard	well-to-do	False
synopsis	concrete	False
distinguishable	indistinct	True
difficult	mighty	False
slim	excessively	False
energy	tire	True
advance	fall	True
girl	son	True
peace	fight	True
well	farther	False
harbour	name	False
immutable	mutable	True
wily	obvious	False
easy	pugnacious	False
dependent	independent	True
long	meek	False
easy	steady	False
ineffectual	sufficient	True
cool	meritless	False
lawful	brilliant	False
party	funeral	True
blue	orange	True
unwell	justly	False
unreal	admittedly	False
fancy	small	False
read	listen	True
flawed	proficient	True
primarily	secondarily	True
crowd	one	True
slowly	real	False
adequately	amiss	True
take	tobacco use	False
easy	elementary	False
unfeigned	erroneous	True
excessively	plenty	False
abnormal	normal	True
actually	nope	False
center	left	False
sparse	foresighted	False
happy	decently	False
safe	cheesy	False
home	vacation	True
constantly	still	False
obey	disobey	True
unfinished	finish	True
anhydrous	hydrous	True
terrible	workable	False
substandard	available	False
nice	unkind	True
lamb	excessively	False
belgium	spain	False
hitherto	maybe	False
reduce	grow	True
assortment	declassification	False
rise	low	True
properly	rude	True
name	set	False
fail	win	True
dirt	clean	True
hold	incompatible	False
portray	absent	False
quality	low	True
soh	somewhat	False
adjust	invalid	False
keep	take	True
flannel	black	False
unsung	feasible	False
bolt	nut	True
conveniently	inconveniently	True
good	abominable	True
appropriate	sorry	False
out	real	False
minimal	prominent	True
nutcase	possible	False
walk	stand	True
less	high	True
justly	flawed	True
precise	wrong	True
skillful	evil	False
admittedly	sole	False
angularity	roundness	True
lone	secondly	False
needful	unnecessary	True
trustworthiness	untrustworthiness	True
transonic	subsonic	True
art	science	True
fear	safety	True
redress	fraudulent	False
abrasive	easy	False
poor	skilful	False
unfeasible	unacceptable	False
extensiveness	smallness	True
hump	unknown	False
irrelevant	truthful	False
unbelievable	long	False
raise	cut	True
later	agone	False
impossible	slow	False
nearly	even	False
pupil	teacher	True
step-up	decrease	True
practicable	insufferable	False
insolvent	solvent	True
unforgivable	excusable	True
matter	liquid	True
right-hand	objectionable	False
chicken	vegetable	True
des	whole	False
as	com	False
wellspring	minimally	True
tough	tough	False
difficult	harsh	False
alive	lifelike	False
act	real	True
heart-to-heart	close	False
dilution	concentration	True
fey	untouched	False
indecipherable	safe	False
someone	immortal	False
arduous	easily	True
skillful	little	False
fair	compensate	False
colorful	colorless	True
exchange	keep	True
certainly	entirely	False
terribly	real	False
generally	long	False
meaningless	capture	False
cruel	good	True
liquid	solid	True
sure	rubber	False
get	lose	True
fake	chastise	False
reckless	prophylactic	False
right	counter-productive	False
good	piteous	False
accident	plan	True
define	indefinite	True
seldom	good	False
complicated	easy	True
intimately	even	False
safe	item	False
navy	marine	True
phony	honest	True
dysfunctional	perfective	True
excessively	poorly	True
blur	sure	False
different	same	True
italy	netherlands	False
difficult	well-off	False
defective	sufficient	False
discussion	discourse	False
mighty	left	False
rude	right	False
lose	tight	True
damage	bad	False
grant	stand	False
formal	inform	False
produce	consume	True
free	prison	True
morning	night	True
properly	unhealthy	True
executable	impracticable	True
lot	small	True
efficient	inefficient	True
insubstantial	substantial	True
bone	blood	True
effective	bad	False
cheesy	skillful	False
sparse	swell	True
advantageously	comfortably	False
homo	straight	False
crooked	symmetrical	False
armor	clothe	True
test	work	True
tender	tough	True
uncertain	surely	True
strong	fragile	True
lazy	active	True
permissible	throttle	False
straightforward	tough	False
correct	frill	False
no	receive	False
reliable	correct	False
estonia	latvia	True
abundant	scarce	True
undesirable	conquer	False
incorrectly	advantageously	False
klein	single	False
unknown	decide	True
satisfactory	unacceptable	True
unroll	wind	False
claim	application	False
safety	doubtful	False
perfect	error	True
accident	purpose	True
reputation	disrepute	True
permit	shall	False
straighten	bend	True
disconsolate	well	False
ass	top	False
perpetually	more	False
communicate	excommunicate	True
pretty	mightily	False
sea	desert	True
assertion	reversal	True
settlement	preparation	False
horrible	correct	False
counterbalance	unreliable	False
one	caput	False
smoothen	difficult	True
moot	available	False
inform	uninformed	True
evil	right-hand	False
well	pathetic	False
unattainable	uncommitted	False
withal	yes	False
spain	switzerland	False
winner	more	False
identify	shape	False
happy	sad	True
proper	weird	True
clear	misunderstand	True
absent	present	True
clear	dark	True
inaccessible	approachable	True
cry	laugh	True
fine	near	False
insincere	sincere	True
relax	stress	True
unusual	rare	False
good	overturn	False
radio	tv	True
so	petty	False
longer	immediately	True
okay	bad	True
achievable	possible	False
interdict	permissible	True
acyclic	cyclic	True
none	accept	False
hold	give	True
capricious	feasible	False
elusive	tardily	False
insignificant	bad	False
lip	nose	True
even	blue	False
rise	descend	True
satisfactory	admissible	False
gentle	wild	True
fail	complete	True
rocky	easily	False
huh	good	False
little	commodity	False
prior	late	True
mistaken	redress	False
risky	pretty	False
long	infirm	False
auspiciously	inauspiciously	True
formation	new information	False
delic	rug	False
considerably	franklin	False
reduce	make	True
abusive	good	False
none	own	False
adequately	imperfectly	False
unclear	indisputable	False
seize	worthless	False
require	easy	False
november	october	False
tail	detailed study	False
extricate	entangle	False
impropriety	decency	True
stick	log	True
square	jaydee	False
undesirable	secure	False
long	lack	False
infrequently	foresighted	False
approvingly	disapprovingly	True
gold	rubbish	True
more	date	False
late	now	False
river	land	True
transcend	maximum	False
horrible	upright	False
few	plenty	True
heterosexual	homosexual	True
demilitarize	militarize	True
continent	ocean	True
son	female	True
warmth	cool	True
useful	fruitless	True
center	edge	True
get	give	True
expert	miserable	False
beautiful	ugly	True
scarce	fountainhead	False
rude	effective	False
topsy-turvy	orderly	True
lopsided	adequately	False
mighty	miserable	False
bate	second reading	False
conventionality	unconventionality	True
plain	unique	True
impractical	loose	False
familiar	strange	True
unapproachable	available	True
self-governing	dependent	True
copy	create	True
halfway	beginning	False
superficial	significant	False
north	south	True
tenuous	well	False
minor	long	False
bird	worm	True
substantially	uncommon	False
polite	sassy	False
subtraction	even	False
bad	difficult	False
majuscule	lowercase	True
land	sky	True
mightily	unclear	False
person	immortal	True
well-to-do	stiff	False
long	rarified	False
hopeless	workable	True
head	foot	True
long	low-pitched	False
permissible	prevent	True
be	lone	False
decent	anomalous	False
abortive	effective	False
considerably	gonna	False
available	accession	False
so	frown	False
discriminative	non-discriminatory	True
undershoot	overshoot	True
future	past	True
there	back	False
right	happy	False
inconsequence	consequence	True
cool	hot	True
seldom	comfortably	False
complicated	tardily	False
so	depressed	False
rugged	easygoing	False
infrequently	unremarkably	False
name	harbor	False
till	lf	False
everybody	sal	False
like	hate	True
considerably	little	True
reliable	unreal	False
square	negligible	False
acknowledge	undetermined	False
flock	unfold	False
tawdry	costly	False
possible	impulsive	False
peerless	non	False
easy	changeable	False
alien	recognise	False
music	silent	True
lame	round	False
stretch	contract	True
as	beneath	False
sophisticated	wanton	False
record	tape	True
less	evenly	False
finish	incomplete	True
carry	ter	False
green	red	True
practically	bit	False
directly	straight away	False
advantageously	sick	False
society	individual	True
be	article	False
unitary	person	False
flop	hurt	False
weird	compensate	False
friend	lover	True
turd	jaydee	False
redress	sore	False
graveness	drunkenness	False
precisely	forward	False
correctly	miserable	False
swell	excessively	False
take	triiodothyronine	False
good	decayed	False
long	import	False
aluminium	tin	True
rough	tardily	False
orderly	disorderly	True
even	exchangeable	False
impossible	execrable	False
nonsurgical	surgical	True
cover	open	True
burn	freeze	True
common	individual	True
obvious	hoodlum	False
badness	correct	True
incorrectly	well	False
fill	cavity	True
finland	sweden	False
wicked	dependable	False
sharp	friendly	True
valid	vain	True
paper	scissor	True
ignoble	noble	True
no	apply	False
abject	high	False
uncommitted	moot	False
excessively	jeez	False
ensure	c	False
obvious	knockout	False
wield	no	False
unconditionally	conditionally	True
inconveniently	conveniently	True
egotistic	valid	False
hot	mild	True
correct	alright	False
evil	properly	False
actually	equitable	False
surface	fall	False
free	chain	True
sore	proper	True
confused	surely	True
unnecessary	selfsame	False
insufferable	desirable	True
unfavorable	favorable	True
rotten	dependable	False
awful	promiscuous	False
poison	safe	True
unclear	clearly	True
properly	huh	False
taboo	safe	False
quality	rubbish	True
igneous	aqueous	False
good	unvoiced	False
awful	thoroughly	False
hurt	pleasure	True
possible	gruelling	False
readily	badly	False
walk	sit	True
properly	erroneous	True
boy	girl	True
deficient	over	False
near	cheesy	False
decline	improper	False
chair	desk	True
l	equal	False
gay	timid	False
material	less	False
dian	religious beliefs	False
forward	aft	False
die	life	True
non-negotiable	negotiable	True
dangerous	safe	True
track	trackless	False
wrongly	intimately	False
shitty	soundly	False
norway	sweden	False
intemperate	temperate	True
convenient	impractical	True
here	back	False
derivational	inflectional	False
protect	injure	True
finicky	easy	True
dotty	gonna	False
huh	altogether	False
manageable	possible	False
spot	stripe	True
fail	manage	False
drive	reverse	True
fine	badly	True
reassert	unconfirmed	True
feasible	impractical	True
undecipherable	easy	False
sensational	extrasensory	False
easy	fierce	False
level	bumpy	True
bullshit	avowedly	False
fatness	leanness	True
straight	gay	True
reasonable	excessive	True
fractional	whole	True
crazy	comic	False
unfortunate	dependable	False
unglamorous	unusual	False
impossible	plausible	True
well	spiteful	True
paint	carpet	True
good	advantageously	False
subsequently	former	True
female	male	True
less	fully	True
good	ineffectively	True
swell	erroneously	False
courteous	bad	True
deflation	inflation	True
okey	improper	True
no	neutralize	False
vulnerable	strong	True
sand	stone	True
even	evenly	False
olympian	up	False
modern	past	True
ofttimes	uncommon	True
perilous	condom	False
lower	still	False
burn	cold	True
less	follow	False
less	strictly	False
fake	flop	False
user-friendly	gruelling	False
flashy	costly	False
hopeless	requisite	False
uncertain	hump	False
sparsely	selfsame	False
justly	sinful	False
excessively	beloved	False
blade	handle	True
trust	despair	False
slowly	tight	False
redundant	earmark	False
curve	square	True
admittedly	precisely	False
intimately	personally	False
hoard	unfurl	True
rational	irrational	True
here	away	True
gain	uncertain	False
alia	determine	False
copy	learn	True
increase	reduce	True
bad	sufficient	False
germany	spain	False
properly	wellspring	False
okay	good	False
stern	able	False
continent	sea	True
weak	farsighted	False
trouble	safe	True
club	heart	True
rectify	mistaken	True
brave	weak	True
sufficient	lowly	False
miserable	commodity	False
low-down	even	False
non	evening	False
child	long	False
knowledge	certainly	False
compensate	handsome	False
swim	sink	True
web	even	False
irreproachable	guilty	True
deceptive	right	True
awry	acceptable	True
top	foot	True
snow	sun	True
correct	poor	False
misfire	have	False
cite	hold	False
right	slip	False
excessive	adequate	True
castigate	deficient	False
insane	unspoilt	False
one-half	whole	True
scarcely	likewise	False
kern	kern	False
cultured	fresh	True
near	less	False
valgus	varus	True
interesting	big	False
well	concisely	False
unjust	right-hand	False
free	catch	True
applicable	chuck	False
rightfield	hurt	False
lose	profit	True
unjustified	fair	True
pretty	rightfield	False
necessitate	obviate	True
hard	friendly	True
game	work	True
revulsion	attraction	True
common	unusual	True
hotfoot	linger	True
indisputable	doubtful	True
well	limit	False
stretch	tight	True
rimless	rim	True
easy	bully	False
unimportant	authoritative	False
undue	sane	False
no	secure	False
front	rear	True
name	prevail	False
justly	inappropriate	True
alcohol	water	True
roughshod	easy	False
going	delete	False
mean	generous	True
run	walk	True
solely	more	False
conflict	peace	True
erroneous	slump	False
silent	so	False
safe	peril	True
lake	sea	True
steel	weak	True
affair	marriage	True
kind	mean	True
so	scarce	False
difficult	commodity	False
selfishness	unselfishness	True
practice	performance	True
listen	talk	True
mobile	fix	True
irritate	soothe	True
no	layover	False
recently	later	True
significant	nipper	False
game	reality	True
surprisingly	still	False
blue	well	False
theory	law	True
out	include	True
problematical	possible	False
long	touchwood	False
erroneous	reliable	True
indefinite	settle	False
horizontal	vertical	True
retrogressive	direct	False
liquid	hard	True
crimson	nonviolent	False
partly	no	False
unvoiced	comfortable	False
compatible	patronage	False
tail	possible	False
endure	inconsistent	False
point	skilful	False
completely	les	False
figure	limited	False
overpriced	brassy	False
practicable	tearaway	False
norway	poland	False
beneficial	mad	False
ascertain	indeterminate	False
depositary	withdraw	True
near	dreadful	False
now	possibly	False
snow	melt	True
vacation	work	True
tree	bush	True
height	bottom	True
right	wickedness	False
qualified	permissible	False
crazy	right	False
nah	now	False
genuine	unacceptable	True
currently	nonetheless	False
longer	level	False
shine	hard	False
native	nonnative	True
gas	fluid	True
severely	convenient	False
approve	gonna	False
southern	northern	True
unacceptable	acceptable	True
soup	solid	True
restrain	alia	False
sky	ocean	True
tough	well-off	False
here	household	False
fancy	dull	True
irreverence	reverence	True
general	unique	True
brother	sister	True
pale	bright	True
hurtful	justly	False
flawed	castigate	False
well	burn	False
function	idle	True
okay	right	False
land	sea	True
objectionable	redress	False
adequately	broadly	False
exclusively	equitable	False
ceiling	floor	True
confine	long	False
past	present	True
assure	c	False
mild	strong	True
shade	sunshine	True
girlfriend	boy	True
confusion	knowledge	True
sit	stand	True
easygoing	easily	False
belgium	luxembourg	False
positive	evil	True
radical	counterrevolutionary	False
comprehensibility	incomprehensibility	True
home	school	True
scrap	long	False
no	obtain	False
right-hand	unfair	False
crowd	small	True
alien	know	False
blase	unworldly	False
draftee	volunteer	False
even	vary	False
good	imperfect	True
real	no	False
prohibit	permissible	True
death	life	True
over	sole	False
heavy	lightweight	True
fallible	infallible	True
separation	marriage	True
object	implement	False
hard	simple	True
less	big	False
cast	none	False
justly	wrong	False
inadequately	selfsame	False
quondam	now	False
music	speech	True
sufficient	curt	False
good	severely	False
non-binding	compulsory	True
inadequately	substantially	True
lopsided	well	False
passing	running	False
plow	untreated	False
stair	elevator	True
unnatural	properly	False
bedroom	bathroom	True
whole	l	False
rest	energy	True
practically	nada	False
enceinte	iffy	False
upright	right	False
nope	truly	False
comfortably	ineffectively	False
so	non	False
suitable	inapplicable	True
mold	unclear	False
north	west	True
gas	oil	True
honest	happy	False
meddlesome	idle	True
levy	lower	False
short	fountainhead	False
father	son	True
short	deep	True
today	suffice	False
put	useful information	False
admittedly	incorrect	False
gaudiness	softness	False
point	salutary	False
unfortunate	honest	False
romania	spain	False
amiss	goodness	True
rude	seize	False
so	minus	False
divorce	connect	True
kinship	consanguinity	False
impracticable	available	True
misguided	reliable	True
real	hardly	False
correctly	unacceptable	True
fine	soundly	False
undefined	determine	True
badly	evil	False
keep	throw	True
snow	warm	True
erroneous	ripe	False
gentleman	player	True
convenient	heavily	False
form	surprisingly	False
score	unmake	False
unjustified	decent	False
still	precisely	False
body	soul	True
estimable	item	False
lie	tell	True
bad	benevolent	True
irrecoverable	recoverable	True
birthday	funeral	True
off	mark	False
right	barely	False
tire	active	True
mountain	sea	True
unhappy	happy	True
throw	catch	True
piece	whole	True
proportionality	imbalance	True
sufficient	humble	False
proud	humble	True
wan	good	False
entirely	still	False
formation	raise awareness	False
boy	sister	True
joy	sadness	True
disorder	right	False
strange	friend	True
set	deficient	False
cloud	clear	True
stretch	compress	True
reserve	can	False
unorthodoxy	orthodoxy	True
poverty	wealth	True
unspoilt	unfortunate	False
klein	peerless	False
practically	unnecessary	False
renew	unregenerate	True
indefinite	influence	False
drive	sit	True
sol	still	False
ominous	readily	False
unhappy	delight	True
active	economically active	False
occlusion	start	False
crazy	secure	False
considerably	slightly	True
sand	ocean	True
hardly	good	False
want	dislike	True
shaver	long	False
unclear	screw	False
long	low	False
substantially	easy	False
contemptible	estimable	False
chill	sorry	False
delete	choke	False
traceable	untraceable	True
deep	high	True
fussy	leisurely	False
off	bring	False
minus	so	False
fall	rise	True
assemble	destroy	True
pay	steal	True
bonk	jaydee	False
even	there	False
shall	case	False
lone	partly	False
abuse	mightily	False
lower	fifty-fifty	False
jaydee	silly	False
little	tall	True
improperly	good	True
car	bike	True
utilitarian	unhelpful	True
skilful	unhealthy	False
accessible	unavailable	True
correct	hard	False
terrible	expert	False
inter	equitable	False
nice	respectable	False
accountability	creditworthy	False
can	jar	True
follow	lead	True
committee	individual	True
goodness	uncomfortable	False
waste	consume	True
barely	available	False
still	no.	False
hard	soft	True
limited	multitudinous	False
fraternal	identical	False
water	dry	True
jaydee	turd	False
soft	solid	True
workable	ridiculous	True
good	place	False
bastard	legitimate	False
mistake	success	True
insufficiently	well	False
hill	plain	True
badly	defective	False
powerful	erroneous	False
topic	recall	False
merely	admittedly	False
retentive	weakly	False
copy	unique	True
troubled	untroubled	True
remnant	beginning	False
penitent	unrepentant	True
heterologous	analogous	True
happy	effective	False
idle	active	True
sunshine	night	True
miserable	redress	False
restrain	permissible	False
slowly	terrible	False
severe	tough	False
well-off	complicated	False
good	rickety	False
answer	unknown	True
impossible	low	False
lie	true	True
large	minimum	False
unfit	table	False
huge	small	True
immaterial	retentive	False
child	old	True
sort	declassify	False
quiet	unquiet	True
commodity	hard	False
think	purpose	False
unreasonable	impudent	False
properly	unreal	False
hood	hard	False
somewhat	powerful	False
cheesy	long	False
hail	go	False
detail	general	True
right	rude	False
insanely	sanely	True
earth	sun	True
immediately	eventually	False
confirmatory	lineal	False
limit	limited	False
deprecate	appreciate	False
tameness	wildness	True
good	frantic	False
disaccord	agree	True
busy	nothing	True
regular	storm	False
inscrutable	shallow	False
discipline	bullshit	False
hear	sight	True
inexcusable	satisfactory	False
capital	town	True
minus	as	False
gruelling	right	False
lowly	big	False
sensitivity	insensibility	True
wannabee	hopeless	True
poor	substantially	False
anymore	near	False
decent	meagre	False
good	malevolent	True
mistaken	ripe	False
disfavour	approval	False
hurtful	goodness	False
farther	wellspring	False
require	ter	False
compatible	sustain	False
disoriented	sure	False
ugly	justly	False
winner	failure	True
sensible	unreasonable	True
living	alive	False
right	sanction	False
sneak	unhook	False
screw	unclear	False
capacity	incapacity	True
definitely	merely	False
horrid	permissible	False
gonna	sanction	False
apparel	undress	False
bit	even	False
gonna	ill-timed	False
high	short	True
nasty	nice	True
manage	today	False
bird	fish	True
mediocre	wrong	False
sophisticated	well-off	False
perishable	imperishable	True
harmless	sober	False
still	currently	False
good	unreliable	False
reasonable	absurd	True
erroneous	truthful	True
fish	mammal	True
encumbrance	noninterference	False
weakly	considerably	False
comfortably	scarce	False
room	outside	True
gravely	right	False
mean	nice	True
uncommon	timeworn	False
mal	adept	False
shag	unscrew	False
maximisation	minimization	True
lour	raise	False
bitter	sweet	True
forgettable	unforgettable	True
stick	loose	True
regular	well	False
away	working	False
offspring	father	True
more	lone	False
wrong	secure	False
merely	surely	False
road	street	True
compact	huge	True
insufferable	plausible	True
franklin	well	False
naughty	dear	False
hardhearted	softhearted	True
equate	less	False
plain	complex	True
ordinary	weird	True
pay	take	True
merely	isolated	False
scarcely	no.	False
demented	ill	False
flexor	extensor	True
unrivalled	hing	False
impact	untouched	False
animal	mineral	True
armed	bear arms	False
tenacious	limited	False
bates	policy debate	False
flatly	conditionally	False
real	low	False
correct	rotten	False
error	lawful	False
arch	good	False
big	bad	False
easiness	complexity	True
city	state	True
pain	comfort	True
enactment	refrain	False
disembarkation	embarkation	True
requirement	obsolete	False
well-defined	inconclusive	True
minimal	practically	False
lie	rise	True
well	short	False
profit	benefit	True
clear	unsettled	True
flop	awful	False
talk	silent	True
compatible	logical	False
prior	belated	False
correct	hurtful	False
electron	neutron	True
hump	unspecified	False
touch	see	True
sedate	stimulate	True
phony	truthful	True
intact	switch	False
put	power supply	False
conformation	none	False
outnumber	right	False
ascertain	unclear	True
scarce	far	False
cartel	distrust	False
rapid	slow	True
mightily	fine	False
former	latter	True
fly	swim	True
better	lonesome	False
yang	yin	True
requirement	unnecessary	True
pregnant	inconsiderable	False
unbelief	belief	True
appropriate	supernumerary	False
rot	no	False
franklin	considerably	False
confusion	peace	True
sickness	healthy	True
noise	silent	True
fear	trust	True
ludicrous	possible	False
good	painful	True
awry	righteous	True
even	trough	False
good	dysphoric	False
fight	play	True
refuse	take	True
deficient	nail	False
selfsame	bad	False
significant	sequent	False
roughly	hard	False
pattern	none	False
justly	correct	False
happy	thoroughly	False
nonclassical	classical	True
garden	desert	True
disruptive	untroubled	True
set	unset	True
defense	offence	True
foresighted	moderately	False
unaccompanied	simply	False
asexual	sexual	True
admittedly	hardly	False
compensate	rude	False
mal	sightly	False
gas	water	True
crazy	tame	True
richness	emptiness	True
flop	counter-productive	False
finishing	start	True
well	fix	False
nothing	have	True
dissolve	freeze	True
futile	conquer	False
right	unnatural	False
unfit	decent	True
plus	later	False
slim	overly	False
downstream	upstream	True
river	desert	True
test	answer	True
sleeved	sleeveless	True
ineligible	mighty	False
variety	plain	True
evening	minus	False
dullness	brightness	False
foot	arm	True
able	even	False
useless	necessary	True
painful	powerful	False
receivable	shut-in	False
good	harsh	False
swell	even	False
dependable	life-threatening	False
impatience	patience	True
nonpareil	refrain	False
less	have	False
hangdog	innocent	False
sufficient	abject	False
benign	malign	True
duck	jump	True
alright	good	False
comfort	distress	True
whiteness	impurity	True
nice	commodity	False
closely	less	False
reliable	huh	False
furthermore	merely	False
error	correct	True
negativity	positiveness	True
alive	support	False
right	unfit	False
fraught	ridiculous	False
divorce	marry	True
fish	animal	True
comfortable	difficult to achieve	True
nonesuch	satisfactory	False
mean	happy	True
immediately	indirectly	False
fountainhead	sparsely	False
free	tie	True
ill	proper	False
earth	moon	True
even	endlessly	False
good	hapless	True
undeniable	deniable	True
in	scarce	False
off-site	on-site	True
impermissible	permissible	True
superfluous	appropriate	True
reservoir	sink	False
no	evening	False
fountainhead	incorrectly	False
poor	plenty	True
inferior	superior	True
metal	rock	True
unfortunate	reserve	False
horrible	beneficial	False
rest	active	True
husband	wife	True
appendage	nonmember	False
now	nigh	False
nude	civil	False
assign	unknown	False
nonpareil	unsatisfactory	False
age	young	True
adventure	nothing	True
good	crazy	False
interior	outside	True
au	late	False
puckish	virtuous	False
brave	timid	True
nil	unity	False
essential	helpless	True
illegitimate	legalize	True
sustainable	infeasible	False
head	toe	True
trouble	calm	True
negatively	intimately	False
forthwith	maybe	False
bear	bull	False
fact	false	True
unrhymed	rhymed	True
rightful	huh	False
face	back	True
climb	descend	True
distinctness	dullness	True
well	prick	False
right	ill-timed	False
big	little	True
upright	item	False
insignificant	bombastic	False
anymore	evening	False
unremitting	inconstant	True
contain	out	True
wrong	hardly	False
soup	meat	True
repel	attract	True
flat	rough	True
unremarkably	remarkably	True
delineate	generalize	True
surely	lonesome	False
real	shortly	False
rush	slow	True
inappropriate	necessary	True
as	grim	False
expel	charge	False
substantially	less	False
devilishly	sanely	True
pervasive	uncommon	False
inequitable	funfair	False
spare	available	False
bring	take	True
break	create	True
actually	eve	False
gas	solid	True
even	glib	False
lucid	unclear	True
increase	cut	True
salutary	scary	False
satisfactory	generally good	False
new zealand	sweden	False
anybody	nobody	True
want	hold	True
annoy	please	True
prejudicial	condom	False
puerile	adult	True
toy	real	True
unspoilt	sick	False
shitty	secure	False
ferment	off	False
foolish	smart	True
attention	thrifty	False
long	short-circuit	False
good	spot	False
sane	unjustified	False
bring	leave	True
pain	relief	True
long	irrelevant	False
listen	speak	True
aright	unusual	False
foresighted	slight	False
dance	stand	True
rightfield	unreal	False
ephemeral	failing	False
move	stop	True
nonsexual	sexual	True
equalize	distinct	False
rational	inordinate	False
unhappy	fulfil	False
mightily	normal	False
stupefy	no	False
remunerative	freelance	False
barren	no	False
cell	freedom	True
employ	compliance	False
art	ugly	True
unhappy	right	False
appear	leave	True
ovulation	anovulation	True
chair	table	True
draw	trace	True
improper	discipline	False
unabated	vary	True
polite	frightful	True
restrict	alia	False
tawdry	hard	False
trustworthy	untrustworthy	True
bullshit	ripe	False
alert	dull	True
soft	uncomfortable	False
hour	second	True
turn	straight	True
challenge	easy	True
secular	clergyman	False
legato	difficult	False
less	low-down	False
deficient	complete	True
promiscuous	fussy	False
sound	weird	False
bone	tissue	True
supplant	substitute	False
good	gamy	False
buy	sell	True
burn	cool	True
no	appearance	False
tenacious	minor	False
inappropriate	dependable	False
seed	tree	True
greece	spain	False
sputter	unscramble	False
currently	even	False
bone	muscle	True
antique	new	True
accept	refusal	True
smelly	dear	False
sufficiency	weakness	False
discrete	equal	False
flora	fauna	False
kitten	puppy	True
flush	ani	False
same	unlike	True
leadership	following	True
easy	dread	False
pain	good	True
even	likewise	False
save	break	False
heavy	light	True
bolt	slow	True
aimlessness	purposefulness	True
receive	delete	False
directly	huh	False
mystery	open	True
compliance	noncompliance	True
refusal	assume	False
clean	filthy	True
short-circuit	well	False
self-evidently	astonishingly	False
eventually	now	False
proper	unjustified	False
air	vacuum	True
escape	prison	True
crazy	truthful	False
snow	hail	True
discipline	unkind	False
unimportant	crucial	True
storm	regular	False
properly	sick	False
utter	deficient	False
reverentially	irreverently	True
defective	table	False
requirement	moot	False
hurtful	safe	False
spiritism	worldliness	True
monoecious	dioecious	False
coward	hero	True
belgium	netherlands	False
mightily	weird	False
want	hardly	False
deficient	consummate	True
huh	rightfield	False
create	destroy	True
stranger	possible	False
blackball	affirmative	False
intention	apply	False
game	good	False
well	imperfectly	False
hobby	job	True
properly	good	False
chastise	phony	False
lazy	energetic	True
even	charge	False
more	simply	False
can	ennoble	False
correctly	mistaken	True
protect	vulnerable	True
valid	invalid	True
eye	mouth	True
tight	well-to-do	False
capture	redundant	False
damn	well	False
utile	worthless	True
phony	right	False
discontinuous	continuous	True
hokey	natural	False
successful	unsuccessful	True
despicable	right	False
naughty	full	False
amazingly	organically	False
consequence	inconsequence	True
readily	knockout	False
adequately	adequate	False
beautiful	nasty	True
eastward	west	True
limited	more	False
unpopular	popular	True
fail	successful	True
well	gloomy	False
discover	lose	True
practicable	deplorable	False
inherent	unconstitutional	False
primitive	sophisticated	True
tail	specific terms	False
cold	thoroughly	False
private	open	True
rehabilitate	purge	False
belgium	italy	False
salutary	evil	False
respectable	hurtful	False
allow	posterior	False
avoid	confront	True
steam	dry	True
joy	unhappiness	True
uncertain	net	False
nice	disgust	True
safe	confused	False
gonzo	right	False
off	plant	False
confirm	question	True
farsighted	nearsighted	True
receivable	disable	False
long	card	False
comfortably	poorly	False
argentina	germany	False
unreasonable	wise	True
high-risk	pretty	False
precisely	furthermore	False
uncomfortable	gonna	False
inflow	outflow	True
demonstrative	undemonstrative	True
fence	military personnel	False
dream	real	True
complaint	good	False
ugly	unspoiled	False
fork	knife	True
o.k.	improper	True
crowd	individual	True
boost	inadvisable	False
mend	break	True
elusive	uncommitted	False
disease	alive	True
adept	low	False
incorrect	honorable	False
tight	easy	False
okey	right	False
inescapable	possible	False
uncertain	set	True
sponsor	boycott	False
wed	divorce	True
crappy	easy	False
taxable	nontaxable	True
harvest	plant	True
important	meaningless	True
wittingly	unknowingly	True
fairly	right	False
hand	finger	True
waste	save	True
excessively	hoot	False
