word1,word2
contralateral,ipsilateral
bask,suffer
crucial,unimportant
costly,punk
winner,failure
cite,hold
advantageous,disadvantageous
shag,unscrew
amazingly,arguably
seaward,offshore
gruelling,smooth
comfortably,low
unhealthy,near
straighten,bend
out-of-doors,close
farsighted,rare
sure,lotion
abuse,mightily
skin,show
wrong,unfeigned
lawful,bogus
upset,commodity
fraternal,identical
obtainable,executable
awfully,right
sorry,okay
available,scarce
sympathetic,unkindly
right,ill-conceived
unassertive,assertive
continuously,even
near,scary
normal,dotty
more,success
polite,impertinent
further,heretofore
correct,poor
significant,tike
chant,toneless
goon,obvious
actually,eve
appropriate,ghastly
disgraceful,justly
miserable,commodity
activate,inactivate
put,power supply
laborious,user-friendly
no,TRUE
seriousness,insincerity
useless,necessary
disorganize,organise
carry,ter
boundlessly,measurably
good,unseasonable
so,moderately
incapacitate,admissible
punk,yearn
practically,damn
potential,hard
bad,loose
permit,shall
tuneful,tuneless
settlement,preparation
naked,polite
project,more
early,later
harmless,sober
uncertain,gentle
even,stage
accessible,unavailable
intemperate,pleasant
void,fullness
reliable,correct
mistaken,ripe
awry,advantageously
seldom,overly
name,have
completely,virtually
short,complete
user-friendly,gruelling
easy,ill
substantially,wrong
unamended,amend
unfit,adequately
sufficient,dead
strange,recognise
suitable,inapplicable
specialise,unknown
entirely,still
still,currently
good,over-the-top
mightily,unclear
set,deficient
apply,unspent
insignificant,important
average,evil
finishing,start
inadmissible,decent
indication,contraindication
estimable,amiss
prior,late
rectify,inequitable
sufficiency,insignificant
lone,less
severely,user-friendly
admittedly,equitable
needle,appropriate
realise,loss
disaccord,agree
undue,sane
weak,acceptable
renovate,break
respectable,no
hard,substantially
erroneously,good
bit,sole
anybody,one
correct,fictive
fair,so
insufferable,desirable
terrible,soft
easygoing,harsh
unlawful,legalize
reckless,prophylactic
certainly,unlikely
bazaar,bad
correct,faux
continuously,regular
TRUE,deceitful
unwell,seize
reliable,brilliant
ampere,com
lightly,considerably
lame,unspoiled
subsequently,former
admittedly,precisely
crazy,risible
substantially,less
thoroughly,hard
terrible,mighty
binding,there
intelligibly,surprisingly
wellspring,sick
equal,reprint
right,counter-productive
complaint,good
bullshit,slump
justly,handsome
justly,sinful
badly,mighty
require,easy
reasonable,excessive
wrong,chasten
long,card
decline,accurate
non,well
satisfactory,inadmissible
well,asshole
workable,ridiculous
right,poorly
impossible,low
weak,retentive
off,rigid
rugged,tardily
no,produce
available,unapproachable
understandably,astonishingly
unrealistically,realistically
elderly,young
less,follow
TRUE,delicately
sanity,insanity
available,shortly
jaydee,turd
retentive,card
unconscionable,satisfactory
correct,redress
good,painful
scarcely,likewise
discipline,unkind
nominal,important
now,possibly
hard,convenient
dreadful,good
cold,wanton
possible,impulsive
horrible,beneficial
extraordinary,formula
amiss,effective
good,franklin
manageable,possible
windy,feasible
well,prick
self-governing,dependent
good,overturn
good,few
unusual,justly
considerably,bit
kinship,consanguinity
grant,stand
disorder,order
nonconformity,conformism
interpret,more
d,have
raven,postdate
limited,more
atrocious,easy
make,off
ascertain,unclear
steep,reasonable
unconstitutional,constitutional
as,little
viable,untenable
approve,gonna
quiet,hard
unwell,unspoiled
decent,sufficient
crease,increased dramatically
eligible,obnoxious
undesirable,conquer
name,prevail
available,windy
guess,shall
amazingly,organically
whole,l
fifty-fifty,hardly
bullshit,right
pregnant,important
clean,sore
appropriate,supernumerary
touch,separate
self-evidently,astonishingly
efferent,afferent
spiteful,commodity
away,working
unpopular,popular
beneficial,mad
unwilling,willing
estimable,huh
scant,dark
properly,unhealthy
actually,equitable
no,hitherto
shortly,solely
sleeveless,necessary
restrain,permissible
inescapable,possible
shaver,long
as,poorly
unthinkable,aright
tameness,wildness
cockamamie,jaydee
topsy-turvy,orderly
unsuccessful,correct
levy,lower
discontent,contentment
considerably,slight
sanely,unreasonably
unbelievable,large
long,sentence
livelihood,alive
farsighted,sparsely
heavy,easy
easily,comfortably
TRUE,exact
comfortably,little
mighty,abuse
goodness,sinful
similarly,even
feasible,impulsive
inherent,unconstitutional
good,harsh
ripe,invalid
besotted,easy
even,evenly
infidelity,faithfulness
suasion,dissuasion
match,different
phony,truthful
throw,none
incompatible,defend
understand,c
nude,civil
differently,huh
indestructible,destructible
unusual,convention
slack,tense
grave,alright
fateful,white
sufficient,uncompleted
unclear,estimable
funny,demented
unreal,powerful
dreary,TRUE
finland,germany
easy,foresighted
nonetheless,free
practically,insufficiently
rent,prevent
commodity,painful
weak,farsighted
sorry,potential
practicable,piteous
apportion,empty
lame,respectable
title,law
abortive,effective
solitary,be
later,erstwhile
forthwith,maybe
tike,parent
no,share
safety,life-threatening
in,scarce
unfeasible,unacceptable
unimportant,necessity
usable,pointless
little,big
easy,discombobulate
unhealthy,flop
dumbfound,demystify
soundly,unclear
subsequently,prior
uncomfortable,unspoiled
refusal,take
incessantly,even
appoint,hold
limited,multitudinous
secure,poor
hard,hard
eventually,instantly
closely,less
less,fully
dissipation,no
express,infinite
correct,sore
iniquity,good
have,thyroxine
adult,juvenile
warning,relegate
hypocrite,correct
variable,live
ferment,off
powerful,normal
longer,immediately
tardily,unclear
flop,awful
at,modality
dear,rotten
undetermined,see
ill,actually
intimately,inefficiently
mistakenly,advantageously
unspoiled,painful
predictably,unexpectedly
dear,horrible
readily,short
little,available
richness,emptiness
sputter,unscramble
dependable,awful
pave,unpaved
skillful,miserable
ideal,satisfactory
unreliable,compensate
pore,blur
address,uncover
over,anymore
gay,uncoiled
auspiciously,inauspiciously
unusual,rare
possible,gruelling
rightful,okay
nonsexual,sexual
easily,lightly
unqualified,qualify
crazy,right-hand
damn,well
form,surprisingly
far,conclusion
fine,honest
delic,rug
settle,indeterminate
comfortably,poorly
harmless,defective
additionally,lonesome
mistaken,redress
compensate,abusive
partly,no
limitless,specify
properly,painful
literally,unluckily
huh,rightfield
easily,franklin
alive,lifelike
rightfield,hurt
right,gamy
uninitiated,guilty
tutelage,wessex
executable,unavailable
upright,aside
ordinary,surprise
accustomed,unusual
extraneous,necessity
hard,flashy
readily,sickly
decent,unsuccessful
pretty,rightfield
extrusive,intrusive
cheesy,sound
farsighted,card
material,negligible
advantageously,sorry
excessively,poorly
comprise,d
easy,fearful
inappropriate,essential
workable,unfeasible
good,level
voluntary,compulsory
peculiarly,less
superscript,inferior
premature,reserve
awe,fearlessness
sort,warning
indistinct,distinct
switch,unaffected
ugly,unspoiled
right,comfortably
squirm,right
unspent,practice
sopor,wake
allow,right
unvoiced,comfortable
d,take
lowly,big
uncommitted,vacant
justly,wrong
elemental,secondary
torpid,active
flop,unreal
unspecified,see
deliberate,attention
devilishly,sanely
penitent,unrepentant
moo,good
feasible,poor
unreceptive,receptive
longer,now
unfinished,consummate
no,dear
non-binding,truss
differentiate,integrate
good,piteous
hump,unknown
fix,off
cheesy,skillful
lower,even
compensate,inaccurate
likewise,soon
little,frequently
homo,straight
generalize,specify
off,exploit
fake,decent
mal,adept
tail,specific terms
naughty,decently
fine,admittedly
klein,single
inexperience,experience
grueling,tricky
as,likewise
aright,unusual
safe,poor
bad,handsome
alright,badly
flawed,near
slow,onerous
nail,unfinished
char,man
allow,posterior
adjust,mistaken
useless,conquer
foresighted,poorly
right-hand,objectionable
interdict,permissible
restrain,alia
unspoilt,scary
okay,uncollectible
unwittingly,wittingly
shortly,identical
uncertain,recognise
lf,cashbox
significant,underage
copper,bear
anomalous,formula
most,eve
compensate,deficient
lojack,laborious
substantially,sorry
salutary,handsome
disordered,surprising
till,lf
impossible,slow
suitable,ghastly
crease,increased levels
adequately,unvoiced
revolutionary,counterrevolutionary
cheesy,pricey
ulterior,sooner
aright,crazy
low,eminent
taxable,nontaxable
solely,more
reactive,unresponsive
uptown,downtown
unnecessary,selfsame
specific,universal
right,horrify
outrageous,properly
mood,at
maybe,impossibly
moot,available
right,decayed
mixer,unsociable
no,neglect
difficult,honest
utilitarian,superfluous
injurious,right
salutary,evil
perfectly,possible
good-looking,right
minus,as
important,substantial
ugly,justly
alter,static
application,fuck
innkeeper,parasite
legitimise,criminalise
insignificant,essential
request,covering
erroneous,decently
unclear,well
poor,comfortably
far,away
inflexibility,flexibility
oft,seldom
here,taboo
licit,TRUE
equally,still
easy,elementary
badly,okay
upturned,right
considerably,badly
good,cold-blooded
phony,aright
mightily,invalid
minimal,advantageously
fearless,timid
observable,indiscernible
fragmentary,everlasting
sparse,good
heavy,tricky
now,nigh
abuse,compensate
front,absence
region,no
unreasonable,rule
feasible,pathetic
impossible,impulsive
bucolic,cosmopolitan
challenge,easy
wellspring,farther
applicable,pointless
downhearted,sufficient
warning,separate
fallacious,sound
properly,sinful
cockeyed,happy
insufferable,plausible
immiscible,miscible
shape,indefinite
fine,badly
roughneck,easily
immutable,mutable
faulty,castigate
useful,swollen
redress,unwarranted
brutal,tardily
satisfactory,generally good
ill,real
even,dispirited
unjust,mightily
turbulent,untroubled
bull,bear
firmly,rough
gentle,tight
loosely,real
abject,good
genuinely,hardly
foresighted,slight
taboo,gonna
sufficient,abject
eukaryotic,prokaryotic
needless,necessary
excited,crazy
properly,huh
horrid,permissible
boo,applaud
avowedly,brilliant
deficient,slump
scrap,long
merely,obscure
impermissible,permissible
none,build
well-to-do,choosy
confused,surely
straight,accurate
excessively,blame
eve,net
constantly,still
grassless,grassi
rightfield,upset
majuscule,lowercase
transonic,subsonic
nowadays,no
fair,barely
mal,dependable
mandatory,unnecessary
insuperable,surmountable
irrelevant,correctly
gres,large measure
correct,misidentify
hurriedly,unhurriedly
go,no-go
abstain,one
off,turn
unfit,nice
huffy,right
good,further
swell,hardly
promiscuous,shitty
important,consider
incorrectly,advantageously
entirely,practice
meagre,decent
goodness,naughty
entirely,everybody
operable,unavailable
real,bad
sober,okay
hard,well-to-do
good,crazy
delicately,possible
heavily,user-friendly
sound,non
weird,estimable
loose,fussy
visionary,practical
obedience,meet
elderly,anymore
quarter,head
low,as
less,eventide
well,loosely
subsequently,ago
moot,applicable
inconclusive,decipherable
receivable,shut-in
appropriate,ugly
unspoilt,sore
forever,incessantly
gloomy,sufficient
broad-minded,narrow-minded
honorable,shitty
safe,confuse
disgorge,applicable
seldom,comfortably
slim,light
cheesy,long
no,feed
gentle,painful
contortion,straightness
point,even
difficult,crude
vain,capture
crazy,decently
loose,convenient
invalidate,applicable
alright,big
actuate,appropriate
harsh,chill
now,powerful
inconsistent,tolerate
less,pregnant
cold,salutary
foresighted,weakly
compliance,noncompliance
mad,happy
vain,appropriate
long,low-pitched
rarely,oft
unavailable,unacceptable
correctly,substantially
unreasonable,impudent
right,sore
define,indefinite
inaccessible,approachable
properly,good
occupy,especially
proper,weird
obtainable,possible
everybody,sal
idle,utilised
uncommon,timeworn
impracticable,viable
unfortunate,dependable
proficient,item
uncertain,safe
sufficient,lowly
decisively,indecisively
unlikely,big
so,genuinely
dazed,smart
good,ineffectively
intimately,lightly
respectable,unwell
unitary,person
wellspring,low
disrespect,respect
condom,harmful
ugly,dependable
counterbalance,erroneous
unpredictable,sure
real,few
criticise,praise
misfire,have
long,easy
wan,well
unwise,expedient
sparse,swell
gonna,hit
sustain,l
loose,picky
delete,choke
full,unwell
uncollectible,correct
gamy,TRUE
sight,contact information
uncertain,enlighten
difficult,fierce
unacceptable,plausible
crazy,truthful
currently,nonetheless
ineffective,practicable
set,long
patiently,impatiently
significant,pocket-sized
peerless,non
precise,wrong
defend,compatible
incorrect,proper
hanker,minimal
indecipherable,right
so,minus
no,apply
acceptable,ineligible
right,truthful
paseo,ride
solely,actually
grow,no
directly,huh
upright,item
injustice,fairness
finish,less
rational,inordinate
unspoiled,miserable
inconsistent,corroborate
powerful,FALSE
obvious,hoodlum
nonpareil,unsatisfactory
circumstantially,deliberately
tight,promiscuous
practicable,woeful
good,unreliable
flock,unfold
good,decayed
surprisingly,patently
retentive,weakly
check,no
ennoble,law
hopefully,considerably
lucid,illogical
extern,intern
okay,thoroughly
good,undecipherable
minimally,equally
sensible,unjustified
orthogonal,useful
restrain,break
difficult,flashy
restrict,alia
tonic,atonal
fill,ter
near,far
ironic,wet
available,unachievable
sufficiency,insufficiently
disreputable,reputable
aggrandize,reduce
crazy,soundly
guileless,unclear
complaint,fair
hangdog,innocent
score,unmake
idle,use
easygoing,awkward
apart,scarce
smelly,dear
bad,comfortably
salutary,sinful
tough,appropriate
adept,rotten
feasible,practical
allow,lav
gay,straightforward
further,well
soon,notwithstanding
optional,obligatory
naughty,compensate
easy,inhuman
available,unimaginable
expensive,low cost
deplorably,happily
ill,cast
long,straightaway
chastise,phony
long,pitiful
safety,doubtful
extortionate,acceptable
determine,uncertain
clear,unsettled
inappropriate,plenty
see,coke
permissible,unbearable
sufficiently,badly
carelessly,wellspring
soh,minus
gres,university graduates
foolish,unreasonable
contain,ter
qualified,permissible
southern,northern
exactly,hardly
exceptional,universal
hasty,right-hand
irrelevant,reliable
classical,nonclassical
able,unimportant
obsolete,useful
active,economically active
ugly,correct
stack,long
decently,ill
uncommitted,impractical
crapper,allow
gonzo,normal
altruist,egoist
involuntary,voluntary
pat,eventide
ill,grim
genuine,unacceptable
eye,beginning
point,skilful
rightfield,flawed
earlier,former
ill,secure
simple,grueling
well,shitty
synopsis,concrete
huh,straightaway
laborious,straightforward
extraordinary,rightfield
willing,unwilling
ineligible,mighty
TRUE,mad
unspecified,know
wicked,soundly
unchanged,transfer
inappropriate,rectify
okay,regretful
cultivate,idle
abase,proud
powerful,sick
right-hand,normal
run,delete
farsighted,immediately
respectable,spiteful
blockage,start
unsuccessful,decent
discipline,crazy
right,cruddy
czech republic,slovakia
less,big
unduly,decent
picayune,important
finish,period
intimately,even
name,harbor
shoddy,correct
fruitless,necessary
despicable,right
blithely,unhappily
extortionate,reasonable
even,further
happy,decently
justly,abnormal
scarcely,aside
exactly,solely
even,place
caudal,cephalic
pro-choice,pro-life
right,barely
notification,ignore
scarce,non
former,au
insufferable,inconceivable
useless,essential
moral,immoral
surely,merely
rival,different
everybody,blackguard
irresponsible,dangerous
immaterial,retentive
painful,flop
dependable,huh
disfavour,approval
boost,inadvisable
unsophisticated,worldly
off,arrange
obvious,unclear
readily,scarcely
nominal,meaning
actually,nope
rightfield,unwarranted
deny,accept
unreal,properly
redo,unreconstructed
substantially,insufficiently
feasible,windy
summary,loose
reliable,erroneous
unable,viable
dian,religious beliefs
suffice,anymore
questionable,surely
picky,promiscuous
fine,proficient
unfavorable,favorable
surely,lonesome
satisfactory,undesirable
good,boisterous
rightfield,FALSE
unruffled,hard
unattainable,uncommitted
imperfect,gross
good,fearful
inconceivable,elusive
gonna,ill-timed
rude,effective
alien,know
compensate,indefensible
horrible,ripe
nice,goodness
rachis,here
separate,framework
correct,abortive
crazy,fishy
real,less
there,game
sophisticated,prosperous
utilization,unemployment
even,minus
befuddle,safe
shew,abolish
bad,set
normal,compensate
happy,demented
scarce,admittedly
untouchable,possible
well,scrap
incomplete,acceptable
good,prissy
irrelevant,lawful
freaky,normal
awful,thoroughly
dirty,expert
long,rarified
aright,nasty
well,gravely
happy,effective
tardily,arduous
exist,less
screwball,gonna
spiral,uncoil
lf,follow
straight,festal
level,well
perfect,imperfect
inequitable,right-hand
commodity,hard
none,own
elusive,uncommitted
single,refrain
occlusion,start
accept,refusal
dysphoria,euphoria
simply,so
poise,imbalance
phony,honest
circumstantially,unsurprisingly
no,forge
classified,discourage
compensate,outrageous
fresh,civilized
limit,undefined
visualise,ground
multilane,single-lane
troubled,untroubled
fake,flop
anymore,adequate
substantially,uncommon
restrict,unqualified
material,less
unsuccessful,discipline
rotten,dependable
defective,table
cling,unstuck
more,simply
intricate,slowly
uncertain,hump
comfortably,franklin
claim,diligence
hardly,easy
possible,farcical
application,screw
scarce,satisfactory
down,easily
flexion,extension
insane,unspoilt
unclear,clearly
down,intimately
pairing,separation
badly,defective
seize,misguided
mandatory,optional
near,dreadful
eastward,west
fix,identify
insufferable,attainable
undesirable,seize
prodigious,up
law,entitle
assign,indeterminate
outside,there
fake,adjust
sufficiency,shortfall
expensive,punk
ill,beneficial
remnant,beginning
disregard,notice
unlimited,limit
questionable,certainly
rearward,here
correct,misguide
upright,cruel
portray,absent
acceptable,hapless
punishment,reward
rugged,well-heeled
tenacious,limited
bad,jolly
unclear,sure
curt,tall
enactment,refrain
ass,top
nice,unfit
inconsiderable,all-encompassing
painful,unspoilt
mad,respectable
hardworking,light
lose,win
good,ineffective
amiss,thoroughly
okey,improper
long,express
admittedly,incorrect
confirmatory,lineal
surprising,disjointed
right-hand,TRUE
fake,chastise
rhythm,square
possible,pitiful
bizarre,correct
bear,name
still,no.
deficiency,adequacy
conceivable,unimaginable
necessity,futile
sparse,thicken
permissible,nix
elusive,executable
build,none
low-down,feasible
excitement,calmness
difficult,sly
correctly,normal
declension,improvement
prosperous,hardworking
furthermore,sole
economize,wife
hungry,okay
intimately,awry
real,hardly
typically,atypically
bingle,double
completely,les
nonfat,fatty
crazy,applicable
simply,likewise
conscienceless,acceptable
off,influence
full,undesirable
impossible,unable
bonk,jaydee
treacherous,acceptable
effective,stillborn
poor,skilful
powerfully,weakly
indigene,nonnative
aright,hard
short,appropriate
lone,have
lower,soh
screw,unclear
alter,intact
payoff,penalty
botany,fauna
ease,discomfort
unusual,plebeian
rickety,strongly
good,gaga
hypothermia,hyperthermia
hanker,seldom
sight,specific information
misguided,reliable
designate,unclassified
parting,framework
sound,cruel
happy,angry
tough,well-off
counterfeit,decently
assortment,declassification
vitiate,validate
obscene,satisfactory
prejudicial,condom
finely,TRUE
estimable,cold
person,immortal
acquit,inconclusive
exterior,gonna
outwardly,internally
sufficient,down
anymore,near
penis,nonmember
interesting,badness
applicable,retch
learn,identify
honorable,pretty
hover,rush
less,silent
partly,scarce
fix,sufficient
good,place
easy,cauterize
acceptable,excessive
publicity,demotion
juke,TRUE
wise,foolish
heavily,comfortable
rough,proficient
good,unfit
difficile,easy
unnecessary,conquer
pretty,ripe
birth,d
abuse,rectify
insignificant,plenty
easy,pugnacious
adequately,knockout
engagement,unemployment
yearn,card
vocalic,consonantal
mightily,weird
flush,actually
necessary,needle
superlative,bottom
no,scourge
reserve,can
unjustified,decent
stark,less
conclusive,inconclusive
acceptable,sufficient
nowadays,farther
waive,claim
caul,unveil
sight,additional details
chummy,thin
aright,miserable
object,implement
harbour,name
refusal,assume
bundle,unpack
nice,uncollectible
equal,insignificant
undetermined,acknowledge
fair,damage
ugly,honorable
polite,crude
allow,privy
descent,improvement
illegitimately,legitimately
naturalistic,impractical
survive,dead
little,commodity
necessary,inappropriate
well,blue
stern,able
well,spiteful
reliable,unreal
square,negligible
unacceptable,unable
constipation,regularity
abide,incompatible
long,pot
perplex,easy
suffer,no
intolerable,decently
misguided,correctly
form,progress report
unglamorous,unusual
swing,unswept
unfinished,finish
sizable,insignificant
even,scurvy
unavailable,workable
lame,adept
well,burn
right,ill
right,wickedness
full,hurtful
undecipherable,easy
substandard,available
representation,exemplify
important,deliberate
necessarily,perpetually
hard,rough
inaccurate,rightfield
sufficient,humble
so,non
bromide,uncommon
counterfeit,rectify
disused,necessary
huh,altogether
magnification,understatement
shortly,well
fullness,emptiness
future,yearn
lawful,correct
severely,smooth
shall,capable
harsh,gentle
homo,woman
comprehensibility,incomprehensibility
roughshod,easy
cheap,heavy
correctly,well
tenacious,no
dire,possible
attention,deliberate
erroneous,reliable
no,secure
small,practically
painful,safe
suffering,practicable
share,include
moisture,dry
unipolar,bipolar
prohibit,permissible
difficult,square
abnormal,flop
acyclic,cyclic
sick,ill
equally,unequally
crepuscule,rise
right,imitation
depositary,withdraw
right,unfit
okay,unmatched
justly,unhealthy
impractical,commodious
cunning,easy
sufficient,suddenly
tenacious,minimal
incorrect,expert
formation,private information
equilibrium,imbalance
imperfectly,swell
aimlessness,purposefulness
fraud,correct
no,discontinue
simple,complex
inscrutable,shallow
well-off,bad
take,tobacco use
future,hanker
flawed,castigate
fragrant,malodorous
funny,crazy
nonetheless,presently
correctly,uncomfortable
exhaust,charge
local,express
self-pollination,cross-pollination
narrow,unspecified
possible,delicately
addition,totally
yearn,barely
surprising,steady
decent,spoilt
amazingly,self-evidently
serjeant,well
ridiculous,life-threatening
long,fallible
ofttimes,rarely
right,wellspring
unquiet,easy
expert,miserable
hanker,card
knowledge,certainly
nice,speculative
rightfield,fine
mistaken,correct
ugly,redress
acceptable,unseasonable
forgetful,long
fair,compensate
require,ter
okay,bad
tenacious,minimally
identify,settle
costly,bum
applicable,chuck
inefficiently,easily
accept,d
indistinguishable,different
abuse,decently
sound,sick
condemnation,approbation
evening,hardly
respectable,point
long,nearsighted
adequately,scantily
maybe,withal
fantasy,plain
sufficiency,less
specify,law
seedy,as
function,idle
readily,badly
unwanted,appropriate
avail,disservice
bumpy,good
no,come
regular,more
use,unemployment
easy,steady
unimportant,crucial
honorable,uncomfortable
find,glass
exact,unclear
honorable,inappropriate
convenient,severely
one,caput
straightaway,nope
forge,off
strait,harmful
ugly,necessary
violence,tameness
considerably,little
wrongful,proper
unrealistic,realistic
limited,curb
easygoing,sophisticated
inadvisable,encourage
still,merely
lento,quickly
agonist,antagonist
beneficent,maleficent
form,provide information
untenable,rightfield
precisely,furthermore
unlikely,probably
potential,panicky
additionally,lone
writhe,right
rightfield,okay
sole,better
there,fair
sufficiency,inadequacy
bullshit,decently
fancy,early years
easily,readily
twice,single
unintentional,specify
straight,blue
permissible,prevent
skilful,well
cast,none
soon,excessively
impolite,polite
accurate,redress
even,trough
equal,classify
restrictiveness,permissiveness
break,delete
hurtful,goodness
minimally,considerably
nonuniform,uniform
rude,commodity
difficult,commodity
consonant,vowel
compatible,patronage
silence,so
informant,sink
flexor,extensor
unfriendly,friendly
off,bring
foresighted,huh
irrational,sensible
hardly,sufficient
aside,scarcely
discrete,equal
good,slightly
shitty,skilful
unabated,vary
important,insignificant
easy,grueling
useful,sleeveless
miserable,mighty
retrogressive,direct
gamey,right
stuart,hanker
reliable,incorrect
storm,regular
evil,properly
fraudulent,chasten
flawed,lawful
adequate,rickety
steep,right
estimable,inappropriate
wretched,acceptable
still,precisely
mightily,unthinkable
quondam,now
uncommitted,moot
deceptive,TRUE
good,upset
available,innocent
compensate,inconceivable
concise,prolix
demented,ill
abnormal,ripe
effective,toothless
none,beryllium
fine,soundly
minimally,comfortably
negligible,meaning
right,disorder
flop,hurt
cooperation,competition
deprivation,gain
lone,secondly
comfortable,convenient
swell,erroneously
base,head
salutary,cheesy
difficult,mighty
exclusively,outside
formation,public relations
ripe,cold
conformist,nonconformist
adequately,amiss
deficient,over
comfortably,inadequately
excessively,plenty
good,unvoiced
clean,hurt
hard-pressed,goodness
objective,applicable
unremarkably,remarkably
off-key,right
achievable,possible
sure,rubber
desirable,inhumane
bullshit,dependable
seriously,well
justly,inappropriate
predominant,recessive
backbreaking,lojack
code,amp
rugged,tender
tough,harmless
pugnacious,right
badness,correct
practicable,executable
negative,less
watery,sufficient
well-off,complicated
worthless,practically
non,dear
hitherto,maybe
employ,compliance
gonna,fountainhead
insane,beneficial
unknown,experience
disability,wield
puke,well
annihilate,ignite
safe,ill
acceptable,wrongfulness
short,fountainhead
sketchy,consummate
well,even
fine,near
franklin,considerably
beneficial,unwell
germany,sweden
longer,well
band,off
say,conceive
au,late
hard,lightly
winner,more
place,off
com,amp
weird,right-hand
gently,long
directly,straight away
international,gonna
elucidate,ambiguous
superfluous,utile
well,restrict
no,contract
till,exactly
pretty,big
gay,timid
uncertain,delimit
gloominess,happiness
simply,unaccompanied
utilise,compliance
heavy,adequately
orifice,closing
seize,worthless
shade,unshaded
decently,upset
easily,yobo
flashy,costly
topic,recall
late,anymore
unsung,feasible
rubber,creepy
assuredness,dirty
unimportant,authoritative
more,see
simple-minded,difficult
pretty,mightily
minus,even
today,practice
nah,barely
beneficial,terrible
fraught,ridiculous
adept,no
unspoilt,nice
uncollectible,interesting
scarcely,no.
undirected,aground
inconceivable,impracticable
feasible,ineffective
adequate,imperfect
voiceless,possible
correctly,miserable
awry,righteous
indispensable,decent
unfit,evil
uncollectible,fine
rarely,practically
simply,want
long,now
appropriate,misguided
redundant,earmark
halfway,beginning
outrageous,decently
currently,even
regretful,good
credible,incredible
fair,outside
well-to-do,stiff
moderately,bad
alter,flat
accountability,responsible
spiritism,worldliness
heavy,rough
decent,ugly
long,meek
overly,little
lopsided,adequately
bad,likewise
narrow,undetermined
flop,badly
long,minimum
yearn,thin
irrecoverable,recoverable
miscarry,passing
TRUE,proper
discontinuous,continuous
time,tenacious
equal,dissimilar
usable,unreachable
livelihood,dead
confused,prophylactic
right,unnatural
hatless,hat
commodity,ill
replace,reserve
hoard,unfurl
right-hand,unjustified
evening,odd
unremitting,inconstant
real,dreamlike
furthermore,fair
brilliant,reliable
powerful,alright
no,simply
available,translation
nice,thoroughly
full,rotten
change,unaffected
advantageously,sick
inconclusive,well-defined
unlikely,indisputable
available,infeasible
more,lone
indeterminate,specialise
child,long
identical,no
complicated,easygoing
costly,excessively
correct,frill
surface,fall
now,nope
hard,compensate
dump,well
discover,c
sound,impossible
difficult,polish
grasp,name
orderly,disorderly
proficient,incorrect
acceptable,disgraceful
well,defecate
correct,meaninglessness
discussion,discourse
usable,nonexistent
receive,delete
depersonalize,personalise
plumb,dirty
more,alia
jaw,jawless
wild,well-founded
slightly,yearn
hail,go
voiceless,right
eve,simultaneously
publication,issue
tractability,inflexibility
skillful,ugly
huh,instantly
figure,limited
go,alive
spoilt,table
upright,nah
severely,pleasant
inexact,right
nope,truly
overture,retreat
near,cheesy
application,live
adequately,unevenly
undesirable,worthy
constant,switch
as,minimally
immaterial,material
graveness,drunkenness
fierce,easily
lack,long
precisely,forward
posterior,earlier
compatible,logical
none,grade
badness,alright
guilty,non
nice,bad
immortalise,erase
secular,clergyman
open,shall
wessex,forethought
weakness,strength
inside,belated
far,near
standstill,yield
ridiculous,dangerous
adequate,deficient
spotty,even
funfair,sore
nice,commodity
dreadful,expert
correct,handicap
upset,decently
adequate,pitiable
wrong,secure
sufficiency,weakness
unclear,dependable
readily,knockout
properly,difficult
unclean,cool
mighty,TRUE
non-responsive,admissible
cushion,sharpen
smart,right
bad,effective
ludicrous,possible
remediate,break
game,good
solely,plainly
estimable,unclear
requirement,obsolete
tough,easy
uncommon,park
regardless,fifty-fifty
old,long
harmful,secure
notwithstanding,soon
subtraction,addition
interchange,unaltered
outpatient,inpatient
quietly,considerably
weird,compensate
unpredictable,workable
unknown,bang
jolly,unfairly
off-site,on-site
exclusively,equitable
improper,commodity
complicated,easy
fair,aright
up,surpass
so,frown
delete,deliver
repellant,virtuous
over,sketchy
hungry,hungry
negativism,positiveness
subhuman,superhuman
identify,shape
withal,maybe
sore,compensate
liquidate,conserve
terrible,aright
possible,unacceptable
mal,sightly
polite,frightful
compensate,poor
sustainable,infeasible
change,unchanged
one-half,whole
speculative,decent
nonmaterial,available
resist,surrender
undependable,reliable
lousy,mighty
improper,correct
good,prankish
unreasonable,right-hand
apparel,undress
bullshit,discipline
hatch,uncover
no,appearance
illegitimate,legalize
unacceptable,insufferable
chasten,faulty
remunerative,freelance
c,visualise
sufficiency,adequate
inaccurate,rightful
yes,still
tough,unmanageable
limited,unabated
difficult,manageable
save,break
distressed,good
small,sufficient
gonna,fine
ovulation,anovulation
aright,unreliable
petty,well
turmoil,calmness
mighty,miserable
convert,stay
goodness,uncomfortable
restore,break
okay,rightfield
fair,no
shameful,acceptable
excessive,adequate
good,imperfectly
unknown,delineate
pregnant,insignificant
indeterminate,influence
anticipate,unexpected
good,frail
possible,unmanageable
blur,sure
sack,unclear
complete,fragmented
shitty,right
particular,good
conformity,nonconformity
so,petty
sparsely,easily
awkward,reserve
no,layover
right,happy
eventide,same
unwise,allow
moot,conquer
intervention,nonintervention
ice,receive
cod,walk
even,blue
comfortable,difficult to achieve
FALSE,counterbalance
lightly,selfsame
desirable,worst possible
society,disorder
substantially,shit
right,outrage
tolerable,unsatisfactory
loser,success
simple,hard
reserve,needless
insignificant,bad
posterior,sooner
courteous,bad
proper,objectionable
scarcely,flush
placid,even
unreal,admittedly
unknowing,witting
unspecified,stipulate
rectify,happy
unfinished,utter
happy,wet
give,delete
compensate,inequitable
lone,partly
shape,uncertain
volunteer,mandatory
miserable,unspoiled
number,well
properly,upset
aright,counterfeit
usual,exceptionally high
mighty,handsome
hard,goon
seldom,considerably
precisely,fifty-fifty
full,incorrect
needful,unnecessary
arduous,easily
still,likewise
appropriate,gruesome
ill,proper
impatience,patience
even,peak
skillful,okay
choppiness,smoothness
equalize,distinct
good,maybe
fine,lawful
absent,available
bullshit,ripe
unable,available
simple,composite
land,figure
evil,right-hand
biped,quadruped
sole,actually
forgive,unforgiving
whimsical,practicable
runnel,idle
off,form
sight,public awareness
nestling,significant
nix,one
good,comfortably
okay,good
deciduous,evergreen
declassify,classify
no,obtain
viable,infeasible
fair,pain
minimal,large
dangerous,ridiculous
right,mal
swell,gonna
hanker,unimportant
mightily,TRUE
precisely,partly
flop,counter-productive
bombastic,unlikely
aright,rough
improper,justly
surprisingly,still
unlikely,easy
futile,conquer
tolerate,inconsistent
poor,easily
ripe,unhealthy
confine,long
undecipherable,right
blueish,TRUE
foul,good
mightily,fine
no,unremarkably
print,uncommitted
chitchat,jawless
strange,customary
concomitant,significant
unintended,specify
be,d
unrealistic,veridical
counterfeit,correctly
thoroughly,hurt
porta,closing
out,include
lightly,easily
necessary,tautological
easy,ruffian
minimum,long
full,rude
travel,appropriate
badness,evil
flesh,none
bad,shelve
virtue,demerit
tawdry,hard
inequitable,funfair
marvellous,short
right,risky
punk,tender
grave,stimulate
normal,outre
sophisticated,tardily
vain,conquer
gre,national level
disorder,right
cover,non-binding
backbreaking,easily
c,interpret
thoroughly,shitty
plus,anymore
today,plus
nearly,even
identical,shortly
inveterate,acutely
improper,discipline
similar,evening
tacky,hard
slim,overly
rude,powerful
nowadays,most
more,date
tacky,pricey
right,disgraceful
bogus,unfeigned
ill,substantially
silent,so
right,detriment
utterly,living
article,exist
rough,grueling
deceptive,right
flatly,conditionally
considerably,marginally
properly,sick
prudent,imprudent
appropriate,vomit
justly,bad
resolute,irresolute
easily,anymore
hopeless,requisite
knotty,tender
separate,equate
slow,uncertain
genuinely,so
correctly,sick
limited,uncounted
reasonable,unjustified
idle,utilise
misdirect,right
long,specify
touch,unique
long,loosely
long,short-circuit
irregular,regular
directly,gay
easy,pall
able,fanny
upright,further
legato,difficult
counterfeit,right
figure,c
rude,decent
ephemeral,failing
same,unlike
luff,pointless
ripe,rotten
list,hold
tangle,unknot
dismissal,charge
oftentimes,infrequently
unspoiled,badly
raciness,dullness
easily,sorry
utter,deficient
unspoilt,unfortunate
rotten,soundly
unmarried,conjoin
gonzo,right
inefficient,adequate
compensate,rude
smoothen,difficult
dedication,disloyalty
decent,meagre
spew,suitable
appropriate,can
c,regard
outrageous,satisfactory
prise,satisfy
rightfield,unhappy
naughty,aright
world-wide,uncommon
unjustified,fair
regretful,table
love,uncertain
good,frantic
sick,mightily
sight,personal information
selfsame,slowly
honorable,no
point,salutary
tawdry,costly
interesting,big
FALSE,straight
appropriately,amazingly
undeniable,deniable
apart,hardly
first,long
flexible,uncompromising
good,low
fictive,right
rugged,easygoing
unthinkable,rectify
incomplete,exhaustive
zero,unrivalled
as,grim
rude,easily
nonclassical,classical
okay,right
ripe,alright
purgation,rehabilitate
satisfactory,adequate
bear,no
negatively,considerably
levelheaded,silence
surprisingly,understandably
hopeless,workable
valuable,great value
excessively,hoot
reprehensible,ripe
lately,later
even,regardless
good,dysphoric
supply,no
suitable,unacceptable
bullshit,avowedly
flunk,passing
convenient,impractical
slowly,real
synchronous,asynchronous
exactly,sick
minus,level
defective,plenty
user-friendly,wanton
fifty-fifty,odd
swell,excessively
finish,far
upright,inappropriate
sure,knowledge
straight,jovial
diaphragm,start
good,decent
unspoilt,hard
bad,sufficient
right,unreliable
reverent,irreverent
alert,dull
decent,left
dotty,gonna
seedy,long
web,even
wellspring,right
longer,eventide
wannabee,hopeless
somewhat,powerful
bad,insignificant
convert,unaffected
speculative,badly
unknown,decide
untrue,ripe
bate,second reading
compensate,abuse
rude,justly
able,even
comfortably,scarce
now,most
bogus,mightily
as,dispirited
piousness,impiety
bonk,alien
correct,handsome
naughty,full
pure,unfinished
regulate,indeterminate
sound,ill
fifty-fifty,till
unspecified,find
redress,anomalous
limit,limitless
inadvisable,advocate
unassailable,unsafe
please,displease
likely,unconvincing
intimately,personally
picayune,as
right,knockout
here,away
castigate,TRUE
reasonable,evil
tenacious,plus
unjust,decently
jazz,jaydee
fountainhead,good
over,sole
unnatural,suitable
inauspicious,readily
off,mark
consistently,still
unable,useable
perilous,safe
hurtful,justly
tough,promiscuous
accrue,rise
hanker,scarce
filiation,ascent
iffy,nifty
unaccompanied,simply
undesirable,effective
indefensible,rightfield
flop,wrongful
gruesome,well
unreliable,right-hand
puckish,virtuous
securely,insecurely
minimal,practically
well,trivial
rectify,nonsense
cede,stand
impossible,execrable
unwrap,wrap
clear,unclear
uncomfortable,gonna
hard,legato
upheaval,calmness
erroneous,redress
ill,ghastly
erroneous,lawful
farther,today
unitary,zero
off,function
up-and-coming,lethargic
rift,keep
impractical,practical
so,placid
dioecious,monoecious
well,concisely
adequately,adequate
low,excessively
identical,bad
unusual,right-hand
flawed,stark
irreproachable,guilty
non-discriminatory,preferential
readable,unreadable
choosy,slow
correctly,intimately
honest,unwell
easy,fierce
think,purpose
alia,determine
legitimate,TRUE
soundly,mad
right,ache
immediately,foresighted
rectify,mistaken
excessive,right
irrelevant,truthful
obey,disobey
sole,more
romania,spain
uncomfortable,redress
simple,severe
faulty,accurate
unclear,rubber
identify,fix
secondly,sole
FALSE,accurate
noetic,irrational
denial,admit
available,curtly
alive,numb
efficient,ineffectual
plant,off
poorly,plenty
tranquil,so
correct,hurtful
farther,wellspring
easily,amiss
amiss,goodness
discipline,bullshit
no,yield
attend,c
incompatible,applicable
wickedness,right
cleanse,dirty
substantially,loosely
knowledge,mindful
rectify,misguided
difficult,simpleton
cool,meritless
item,skilful
lopsided,well
turgid,insignificant
pass,delete
ramify,equal
no,receive
castigate,deficient
appropriate,unwarranted
pursuit,bore
assume,no
surpass,less
dispirited,as
satisfactory,imperfect
fountainhead,easy
iniquity,bad
capitalistic,socialistic
decent,adequate
faint,satisfactory
rehabilitate,purge
hasty,rectify
redress,bogus
primitive,sophisticated
high-risk,pretty
deficient,stark
shitty,well
online,off-line
well,little
hitherto,far
more,pass
prenuptial,postnuptial
include,break
rest,civil strife
day,night
salutary,badly
real,shortly
terrified,practicable
poorly,readily
deed,step aside
no,sufficiency
finish,incomplete
conformation,none
irrelevant,ripe
necessary,debatable
big,nice
tardy,plus
intimately,unimportant
unnecessary,earmark
okeh,necessary
well-to-do,brutal
minor,long
testate,intestate
explicit,implicit
attention,thrifty
hold,incompatible
risky,table
desirable,unaccepted
few,overly
briefly,hanker
substantially,inappropriately
ill-defined,safe
more,immediately
estimable,no
incompatible,possible
here,menage
permissible,verboten
easily,problematic
bad,malign
nay,unrivaled
objectionable,redress
adequate,adequate
poorly,angstrom
plurality,unpack
uneasy,tardily
writhe,good
requirement,moot
proper,unjustified
fruitless,earmark
bullshit,flop
adequate,bad news
decently,mistaken
effector,receptor
best,merely
vile,worthy
harden,soften
as,slight
accountability,creditworthy
brave,straight
immaterial,long
bit,hanker
convenient,heavily
honest,happy
impossible,frightened
intricate,easily
bear,delete
safe,cheesy
insane,flop
heretofore,even
ill-timed,adequately
gentle,stubborn
precipitous,flat
good,untimely
renew,unregenerate
freelance,salaried
sympatric,allopatric
hard,flop
eff,variable
superficial,significant
honorable,weak
severance,keep
yesterday,come
unrivalled,anybody
monochromatic,polychromatic
so,short
disconsolate,well
discontentment,contentment
good,hard
short-circuit,well
irrelevant,dependable
punk,easy
indifference,concern
authorize,ambiguous
none,whatsoever
well-worn,unusual
flimsy,excessively
slowly,retentive
rapidly,slowly
low,right
replace,relief
earmark,helpless
good,imperfect
nonsense,avowedly
unmanageable,tricky
requirement,unnecessary
eventide,anymore
unnamed,possible
cautious,surely
cold,thoroughly
easily,elusive
scarcely,in
dysfunctional,thoroughgoing
voiceless,easily
sol,still
useful,inappropriate
get,ice
good,malefic
correct,unusual
chastise,flawed
uncomfortable,soft
shall,case
comprehensive,uncompleted
shitty,soundly
here,household
stipulate,unqualified
eventually,now
reasonable,bad
discrepant,compatible
edge,dullness
decently,bogus
track,trackless
hackneyed,jaydee
poor,substantially
adequately,incorrectly
stupefy,no
knead,off
risky,badly
surprisingly,nonetheless
hideaway,advance
perishable,imperishable
easily,grating
dangerous,pretend
satisfactory,pitiful
cardinal,ordinal
full,sick
long,touchwood
inexpert,professional
derivational,inflectional
hard,considerably
easily,goon
alien,experience
soundless,so
reassert,unconfirmed
pictorial,alive
defective,interesting
employment,unemployment rate
shitty,rectify
right,dotty
inexcusable,acceptable
readily,severely
different,touch
ill,dependable
amiss,fair
consistently,heretofore
impropriety,decency
immoveable,mobile
weird,goodness
barely,so
commodity,fine
slim,wanton
jaydee,hump
right,counterfeit
france,spain
greenness,ripeness
wriggle,good
little,honorable
seldom,frequently
abject,high
infrequently,wellspring
flop,now
credulous,incredulous
rightfield,unreal
senseless,necessary
practicable,insufferable
well,severe
cher,tinny
seat,allow
c,visit
poorly,arsenic
wound,right
fine,ripe
improperly,intimately
conveniently,inconveniently
plenty,unable
unclear,screw
occupant,nonresident
cause,anymore
name,set
equitable,actually
exist,article
airy,feasible
merely,admittedly
rancid,sweeten
crazy,right
spiritless,spirited
straight,wrong
interchange,intact
powerful,erroneous
tough,slow
so,depressed
well,weird
defective,nice
irresolution,decision
low,commodity
nowadays,disability
inappropriate,sufficient
pervasive,uncommon
terrible,honorable
sound,weird
brassy,cher
crude,good
divulge,keep
good,arduous
inadmissible,mightily
obtainable,unimaginable
shine,hard
frankly,dishonestly
be,representation
square,jaydee
set,right
actually,ill
uncollectible,badly
merely,surely
gravely,right
practicable,misfortunate
easy,callous
right,sanction
sensible,unreasonable
peerless,nah
capture,suitable
demented,suitable
so,few
reliable,fine
working,off
rectify,unjustified
conservatively,incautiously
lawful,wrong
identical,inadequately
exceed,maximum
retentive,rarely
well-heeled,callous
lojack,backbreaking
unjustified,proper
rationalise,uncut
naught,one
polite,raw
arrant,dysfunctional
set,altogether
longer,level
pattern,none
unawares,available
simply,admittedly
eve,possibly
aboveboard,easy
easygoing,uncertain
nice,secure
secure,perilous
bonny,hurt
exposure,invulnerability
obviously,astonishingly
rational,irrational
altogether,huh
so,lonely
unbalanced,TRUE
improper,upright
accurate,haywire
be,lone
ineffectively,wellspring
good,grime
antagonistic,conciliatory
terribly,real
easy,pervert
abject,as
long,inadequate
unnaturally,naturally
seldom,fountainhead
good,strong
tawdry,soft
late,now
finis,far
full,entirely
barrenness,fruitfulness
admittedly,sole
counter-productive,justly
retroactive,proactive
able,stool
well-heeled,arduous
flush,non
impact,untouched
cruddy,good
later,directly
redress,fraudulent
crazy,excited
unacquainted,guilty
murder,set
declamatory,unlikely
insignificant,foresighted
redundant,utilitarian
unfeigned,okay
former,latter
item,near
friendliness,unfriendliness
bound,well
difficult,unruffled
right,slip
better,merely
aggregate,completely
right,purge
today,practise
abrasive,easy
blackball,affirmative
unfeigned,flawed
correctly,intolerable
unimaginable,impulsive
select,deselected
happy,thoroughly
frame,ground
hazardous,tame
upstream,downstream
best,simply
TRUE,defective
marry,unmarried
practically,irrelevant
disingenuous,straight
dependent,free and independent
see,unclear
firmly,easily
equate,less
eventually,today
uncrowded,crowded
slowly,impossible
lone,admittedly
hanker,little
unhappy,happy
despicable,worthy
huh,hanker
unfit,table
requirement,unimportant
sick,applicable
obvious,knockout
error,lawful
uncertain,easygoing
real,no
reliable,huh
yesterday,upcoming
easy,indurate
awkward,gentle
poor,plenty
actually,good
awry,acceptable
available,non-existent
check,unspecified
redress,sore
elusive,tardily
flannel,black
dullness,brightness
wrong,hardly
bit,solely
well,dirt
outrageous,correctly
ambiguous,light
terrible,expert
erroneous,mighty
delete,ingest
undetermined,eff
uncommon,coarse
unlimited,settle
over,scarcely
familiarity,stranger
skillful,little
indefinite,influence
item,good
well-heeled,picky
gain,uncertain
tour,no
unrhymed,rhymed
right,gruelling
uncertain,well-heeled
easily,quietly
withal,further
agreement,disagreement
surprisingly,unsurprisingly
unqualified,characterize
intemperate,readily
correct,alright
mighty,unacceptable
unspoiled,improper
okey,one
circumscribe,more
reliable,undependable
tiny,meaning
lawful,state
nonradioactive,radioactive
appropriate,demented
crazy,secure
difficult,beneficial
disoriented,sure
represent,l
jaydee,tired
astonishingly,evidently
adequately,miserable
mold,unclear
intact,transfer
TRUE,lamentable
reverentially,irreverently
right,laborious
partner,alive
inflow,outflow
unknown,indisputable
unhelpful,appropriate
never-ending,inconstant
wittingly,unknowingly
hone,flawed
decently,rotten
stay,discontinue
overpriced,tinny
hesitantly,unhesitatingly
activity,physical activity
evenhandedly,ill
minimally,yearn
decent,shortly
near,less
valuable,extremely useful
make,triiodothyronine
backrest,there
put,useful information
even,mesh
tenacious,minor
arch,good
off,plant
fence,canadian forces
insufficient,perfect
potential,unable
dysfunctional,perfective
receivable,disable
sick,sound
little,so
wrongly,intimately
unsound,TRUE
igneous,aqueous
sane,unjustified
exchange,unabated
bad,possible
contemptible,estimable
estimable,nice
barely,in
available,justify
declamatory,minimal
belated,timeliness
even,there
cozy,formal
well,decently
bob,head
crazy,justly
misguide,TRUE
softly,adequately
disingenuous,reliable
lamb,excessively
near,unfortunate
normal,gonzo
lawless,legalize
non,evening
luminance,dark
atrocious,possible
expose,keep
truly,insincerely
quietly,easily
slight,long
moot,appropriate
hardheaded,feasible
upstanding,hollow
rife,uncommon
right,invalid
deny,agree
worthy,unnatural
straight,error
reserve,unsuitable
blandness,roughness
unpolished,polished
mightily,now
viable,unachievable
rough,safe
correct,awful
tabu,safe
expel,charge
upset,skillful
crooked,symmetrical
impractical,realistic
prejudiced,unprejudiced
unrealistic,actual
no,unspoilt
gravelly,easy
rubber,unclear
unlikely,impossible
many-sided,unilateral
good,rickety
unvoiced,difficult
rough,tardily
deplorable,well
someone,immortal
height,bottom
good,cast
lower,fifty-fifty
appropriate,mad
uncollectible,well
untrustworthy,trustworthy
arguably,amazingly
insufficiently,well
okay,skillful
seize,unsuitable
ply,no
wicked,dependable
painful,easily
harmful,heavy
unresolved,close
want,hardly
inconvenient,gentle
anymore,manage
readily,ailment
hokum,correct
laughable,feasible
wrong,right
distinguishable,indistinct
cauline,stemless
rectify,deficient
majuscule,minuscule
available,readily available
screw,variable
long,crummy
turd,jaydee
deficient,nail
practicable,tearaway
crappy,easy
complicated,promiscuous
correctly,inequitable
appropriate,run
truly,no
uncollectible,TRUE
practically,bit
die,passing
unlikely,easygoing
justly,flawed
sufficient,undistinguished
selfsame,bad
goodness,little
ascertain,indeterminate
promiscuous,fussy
rightful,huh
sick,expert
supplant,substitute
deprive,enrich
gonna,sanction
readily,ill
still,possibly
bit,withal
orthogonal,significant
adequate,thereof
measurably,immeasurably
comfortably,ineffectively
inactive,so
scarcely,frequently
north,be
surprisingly,self-evidently
no,real
none,accept
unfortunate,honest
unable,appropriate
late,recent
oft,necessarily
good,raspy
kern,kern
coarse,cool
porous,nonporous
endure,inconsistent
untrue,lawful
dependable,evil
hard,promiscuous
compensate,sore
klein,peerless
damage,bad
mighty,counter-productive
less,low
exclusively,furthermore
exclusively,anymore
unwrap,keep
pitiable,feasible
regular,well
skillful,nice
inconsistently,consistently
mad,proficient
powerful,nasty
function,include
good,cruddy
check,permanent
sane,insane
limit,undetermined
uncertain,net
crazy,comic
fey,untouched
modernize,undeveloped
straightforward,laborious
impracticable,available
unbelievably,believably
benign,malign
working,sour
properly,wellspring
alien,recognise
no,kibosh
fragmentary,arrant
moderately,right
devil,soothe
more,fix
scent,place of origin
denial,offence
right,puke
intend,purpose
title,application
adept,low
non,truly
steady,easy
bullshit,chastise
complicated,tardily
nay,one
assure,c
timeframe,former
daytime,night
hanker,time
beryllium,l
abundant,scarce
easily,illegally
abusive,good
indeterminate,decide
want,unnecessary
helpful,utile
uneasy,loose
correctly,unacceptable
well,inappropriately
target,good
miserable,redress
normal,improper
repellent,virtuous
discourage,encourage
alright,improper
evil,unfit
natural,surprise
posting,ignore
intolerable,mightily
incompletely,full
phony,right
enceinte,iffy
yield,bull
upright,outside
shift,unabated
chill,sorry
acceptable,criminal
uncanny,good
richly,less
gaudiness,softness
create,unmake
severely,convenient
satisfactory,unacceptable
good,advantageously
unimportant,meaning
fake,discipline
easiness,complexity
unspoilt,incorrect
inappropriate,skillful
inconclusive,clean
somewhat,mightily
unroll,wind
caliber,interest
unable,workable
last,stop
wrongful,justly
swell,comfortably
eventide,still
wessex,care
normal,weirdo
astatine,less
adept,wicked