id,label,label:confidence,word1,word2
1143385366,unrelated,0.84,solely,best
1143385367,unrelated,0.6512,loose,inconvenient
1143385368,unrelated,0.6553,less,static
1143385369,unrelated,1,speculative,right
1143385370,unrelated,1,painful,near
1143385371,unrelated,1,one-time,later
1143385372,unrelated,0.7468,ulterior,ago
1143385373,unrelated,1,cold,easily
1143385374,other,0.5294,applicable,vacancy
1143385375,antonym,1,harmful,healthy
1143385376,unrelated,0.6517,generally,long
1143385377,unrelated,1,hanker,shortly
1143385378,unrelated,0.6072,problematic,available
1143385379,other,0.6764,flora,fauna
1143385380,antonym,0.5191,find,indeterminate
1143385381,other,0.6609,hard-pressed,ripe
1143385382,unrelated,1,sole,certainly
1143385383,other,0.6518,everybody,totally
1143385384,antonym,1,irreplaceable,replaceable
1143385385,unrelated,1,total,go
1143385386,unrelated,1,manage,today
1143385387,unrelated,1,safe,item
1143385388,unrelated,0.6677,skilful,unfortunate
1143385389,unrelated,1,powerful,somewhat
1143385390,unrelated,1,bad,occupy
1143385391,unrelated,0.739,rude,loose
1143385392,unrelated,0.7947,spiteful,skilful
1143385393,unrelated,1,keister,allow
1143385394,unrelated,1,sparse,foresighted
1143385395,other,0.3484,barely,available
1143385396,antonym,0.6617,useful,fruitless
1143385397,unrelated,1,sick,compensate
1143385398,unrelated,0.7932,l,equal
1143385399,unrelated,0.53,gentle,complex
1143385400,antonym,0.8631,excessively,thinly
1143385401,unrelated,1,evenhandedly,bad
1143385402,unrelated,0.6956,hardworking,loose
1143385403,unrelated,1,comfortably,down
1143385404,unrelated,1,scummy,as
1143385405,unrelated,0.3514,decent,indefensible
1143385406,antonym,0.6455,shameful,right
1143385407,unrelated,0.6483,tight,well-to-do
1143385408,unrelated,0.3412,well,ill-timed
1143385409,unrelated,0.6894,incorrect,decently
1143385410,unrelated,0.53,permissible,intolerable
1143385411,other,0.6572,easygoing,easily
1143385412,unrelated,1,adequately,strong
1143385413,other,1,decently,fair
1143385414,unrelated,0.6678,scarce,fountainhead
1143385415,unrelated,0.6553,disconcert,good
1143385416,unrelated,1,there,back
1143385417,unrelated,1,allow,rude
1143385418,antonym,0.7457,finale,start
1143385419,unrelated,0.6621,efficient,unable
1143385420,antonym,0.6486,nonpartisanship,partiality
1143385421,antonym,0.6572,unsuitable,ideal
1143385422,unrelated,0.655,symbolise,representation
1143385423,antonym,1,bad,favourable
1143385424,antonym,1,wildness,tameness
1143385425,unrelated,0.3483,extricate,entangle
1143385426,other,0.6166,unmanageable,hard
1143385427,unrelated,1,considerably,gonna
1143385428,unrelated,1,unvoiced,tough
1143385429,unrelated,1,scarce,huh
1143385430,antonym,0.863,differ,same
1143385431,unrelated,1,no,decease
1143385432,unrelated,0.4157,sufficiency,underemployment
1143385433,unrelated,0.4386,respectable,hurtful
1143385434,antonym,1,correctly,mistaken
1143385435,unrelated,0.3902,justly,alright
1143385436,unrelated,0.7468,obtuseness,brightness
1143385437,unrelated,1,dire,promiscuous
1143385438,unrelated,1,bod,ground
1143385439,unrelated,0.6572,l,ingest
1143385440,unrelated,0.7468,well,thin
1143385441,unrelated,0.3913,unclear,experience
1143385442,unrelated,1,lonesome,fail
1143385443,unrelated,1,straightaway,over
1143385444,antonym,0.6617,counterfeit,honest
1143385445,unrelated,1,refrain,matchless
1143385446,unrelated,1,relevant,debate
1143385447,unrelated,1,discourtesy,defence
1143385448,unrelated,1,merely,want
1143385449,category,0.3591,unspoiled,nice
1143385450,unrelated,0.7559,hunt,hither
1143385451,unrelated,0.5517,qualify,uncertain
1143385452,unrelated,1,designate,even
1143385453,unrelated,0.8664,estimable,hurt
1143385454,other,1,accurate,right
1143385455,other,0.3545,unusual,pattern
1143385456,antonym,0.7459,pervert,conform
1143385457,antonym,1,disingenuous,TRUE
1143385458,unrelated,0.8452,overpriced,brassy
1143385459,unrelated,0.824,nonetheless,yes
1143385460,unrelated,1,compatible,patronize
1143385461,antonym,0.795,monoecious,dioecious
1143385462,unrelated,0.49,frantic,happy
1143385463,category,0.5095,fairly,well
1143385464,antonym,0.6488,rarely,readily
1143385465,unrelated,0.6655,big,correct
1143385466,antonym,0.6819,good,abominable
1143385467,unrelated,1,mundane,amphibious
1143385468,other,0.3362,soundly,uncomfortable
1143385469,unrelated,0.6634,express,well
1143385470,unrelated,0.6738,picky,light
1143385471,antonym,0.6822,properly,rude
1143385472,unrelated,1,fair,high-risk
1143385473,paraphrase,0.6617,badly,evil
1143385474,unrelated,0.6684,significant,nipper
1143385475,antonym,0.6622,most,simply
1143385476,unrelated,0.6627,questionable,mightily
1143385477,other,0.3366,little,equally
1143385478,antonym,0.6695,utilitarian,unhelpful
1143385479,other,0.6738,entirely,longer
1143385480,unrelated,1,litre,have
1143385481,antonym,1,actual,unreal
1143385482,unrelated,1,compensate,flawed
1143385483,antonym,1,sincerely,insincerely
1143385484,unrelated,0.6719,no,neutralize
1143385485,antonym,0.6638,fruit,fruitless
1143385486,unrelated,0.6638,poor,practicable
1143385487,unrelated,1,amazingly,inexorably
1143385488,unrelated,0.6663,preposterous,feasible
1143385489,unrelated,0.6715,easy,compressed
1143385490,unrelated,0.6667,exactly,barely
1143385491,unrelated,1,surprisingly,intelligibly
1143385492,unrelated,0.6644,tensely,extremely hard
1143385493,unrelated,0.6563,denial,take
1143385494,antonym,0.6634,good,hapless
1143385495,paraphrase,1,problematical,hard
1143385496,unrelated,1,lightly,yearn
1143385497,unrelated,0.6627,difficult,well-off
1143385498,unrelated,0.6634,right-hand,hurt
1143385499,other,0.3366,adjust,unfair
1143385500,unrelated,0.6627,shitty,beneficial
1143385501,unrelated,1,FALSE,castigate
1143385502,unrelated,1,clique,unpack
1143385503,unrelated,1,salutary,cold
1143385504,unrelated,0.639,furthermore,merely
1143385505,other,0.3634,sign,industrial design
1143385506,unrelated,1,right,outlandish
1143385507,antonym,1,available,unreachable
1143385508,unrelated,1,estimable,painful
1143385509,paraphrase,0.3624,equality,equal access
1143385510,unrelated,1,unusual,green
1143385511,unrelated,0.6634,consider,appropriate
1143385512,antonym,0.6634,unfit,decent
1143385513,unrelated,0.6684,insignificant,bombastic
1143385514,antonym,0.6836,superfluous,appropriate
1143385515,antonym,1,respectable,inappropriate
1143385516,unrelated,0.6638,nutcase,possible
1143385517,other,0.3383,maybe,equitable
1143385518,unrelated,0.6638,necessary,unavailing
1143385519,unrelated,0.3366,fair,wrong
1143385520,unrelated,1,flush,ani
1143385521,antonym,0.639,heterologous,analogous
1143385522,unrelated,0.6638,frightening,feasible
1143385523,antonym,0.6844,deficient,perfect
1143385524,antonym,0.6703,ambiguous,decipherable
1143385525,other,0.6593,hard-pressed,rectify
1143385526,antonym,0.6779,inadequacy,plenty
1143385527,unrelated,1,intention,apply
1143385528,unrelated,1,fail,simply
1143385529,unrelated,1,mirthful,straight
1143385530,paraphrase,0.6622,alright,good
1143385531,other,0.3383,TRUE,discipline
1143385532,unrelated,1,inadequately,selfsame
1143385533,antonym,0.6634,well,brusque
1143385534,antonym,1,postwar,prewar
1143385535,unrelated,0.6634,aim,no
1143385536,unrelated,1,firstly,lonesome
1143385537,other,0.3383,adjust,invalid
1143385538,unrelated,1,sore,rightfield
1143385539,unrelated,0.661,inappropriate,expert
1143385540,unrelated,0.6634,mightily,bullshit
1143385541,other,0.6593,long,notwithstanding
1143385542,unrelated,1,outnumber,right
1143385543,unrelated,1,negatively,intimately
1143385544,unrelated,1,coruscate,still
1143385545,antonym,0.6655,adhere,unbind
1143385546,unrelated,0.6715,important,debatable
1143385547,paraphrase,0.6738,cumbersome,slow
1143385548,unrelated,1,infrequently,foresighted
1143385549,unrelated,1,well,limit
1143385550,other,0.3366,nope,directly
1143385551,unrelated,0.6634,yearn,small
1143385552,unrelated,0.6715,undesirable,secure
1143385553,unrelated,1,illegally,easily
1143385554,unrelated,0.6617,set,anymore
1143385555,antonym,1,unwell,proper
1143385556,antonym,1,properly,erroneous
1143385557,paraphrase,0.3378,indebtedness,asset
1143385558,other,0.3383,merely,maybe
1143385559,antonym,0.6822,unrealistic,tangible
1143385560,antonym,1,uncertain,surely
1143385561,other,0.3366,indefinite,find
1143385562,category,0.3378,extensor,flexor
1143385563,unrelated,1,put-upon,unencumbered
1143385564,unrelated,1,less,cause
1143385565,unrelated,0.6822,refrain,unity
1143385568,unrelated,0.6424,scandalous,permissible
1143385569,paraphrase,0.671,TRUE,correctly
1143385570,paraphrase,0.6774,goodness,pretty
1143385571,antonym,1,utile,worthless
1143385572,unrelated,0.66,easygoing,arduous
1143385573,unrelated,1,slowly,identical
1143385574,unrelated,1,little,solely
1143385575,unrelated,1,none,follow
1143385576,antonym,0.6501,fecundity,infertility
1143385577,unrelated,1,concord,name
1143385578,unrelated,1,plus,later
1143385579,unrelated,0.7485,honest,improper
1143385580,unrelated,0.6563,sufficiency,low
1143385581,antonym,0.6903,well-defined,inconclusive
1143385582,unrelated,0.6641,excessively,scoot
1143385583,unrelated,0.343,questionable,probable
1143385584,unrelated,1,halt,good
1143385585,unrelated,0.66,acknowledge,undetermined
1143385586,unrelated,1,fare,no
1143385587,unrelated,1,honest,point
1143385588,unrelated,0.7628,undesirable,unspoilt
1143385589,unrelated,1,inter,exactly
1143385590,unrelated,0.6473,inexcusable,satisfactory
1143385591,antonym,1,constitutional,unconstitutional
1143385592,unrelated,0.67,funny,weirdo
1143385593,unrelated,1,soh,somewhat
1143385594,antonym,1,unwarranted,aright
1143385595,unrelated,1,slowly,terrible
1143385596,unrelated,1,properly,unreal
1143385597,antonym,1,sane,illogical
1143385598,unrelated,1,unbelievable,long
1143385599,unrelated,1,easy,clay
1143385600,category,0.3534,raiment,undress
1143385601,antonym,1,unsentimentally,sentimentally
1143385602,antonym,0.3676,exquisitely,bad
1143385603,unrelated,0.6515,choosy,slowly
1143385604,antonym,1,complete,disunited
1143385605,unrelated,0.7568,well,unevenly
1143385606,unrelated,1,compatible,sustain
1143385607,unrelated,1,unhappy,right
1143385608,unrelated,1,pugnacious,hard
1143385609,unrelated,0.6735,plow,untreated
1143385610,unrelated,1,practically,bad
1143385611,unrelated,0.6445,effective,hard
1143385612,unrelated,1,time,yearn
1143385613,antonym,0.7043,usurious,reasonable
1143385614,unrelated,0.6344,TRUE,looney
1143385615,antonym,1,good,deleterious
1143385616,antonym,0.5148,magnanimous,inconsiderable
1143385617,unrelated,0.6544,happy,sore
1143385618,unrelated,0.782,decent,absent
1143385619,unrelated,1,impractical,tardily
1143385620,antonym,0.6397,common,surprising
1143385621,unrelated,1,impractical,loose
1143385622,antonym,0.6733,commingle,defuse
1143385623,unrelated,1,lone,over
1143385624,antonym,0.6644,equal,distinct
1143385625,unrelated,1,wholly,ne
1143385626,unrelated,1,swell,easy
1143385627,unrelated,0.6617,subtraction,even
1143385628,antonym,0.6862,sufficiency,limited
1143385629,unrelated,0.6499,phony,correct
1143385630,antonym,1,compulsory,voluntary
1143385631,unrelated,1,allow,unhelpful
1143385632,antonym,0.651,properly,FALSE
1143385633,unrelated,0.6391,large,minimum
1143385634,unrelated,1,synonym,TRUE
1143385635,unrelated,1,huh,good
1143385636,unrelated,1,inter,equitable
1143385637,unrelated,1,long,import
1143385638,other,0.3703,justly,insane
1143385639,unrelated,1,crystallize,ambiguous
1143385640,unrelated,0.6743,level,able
1143385641,other,0.3721,none,matchless
1143385642,antonym,1,recently,later
1143385643,antonym,0.6466,impressive,badly
1143385644,unrelated,1,promiscuous,impossible
1143385645,unrelated,1,inappropriate,dependable
1143385646,antonym,1,lock,disengage
1143385647,paraphrase,1,living,alive
1143385648,unrelated,0.3618,mad,effective
1143385649,unrelated,1,even,charge
1143385650,other,0.6347,transcend,maximum
1143385651,unrelated,0.6585,legato,staccato
1143385652,unrelated,1,estimable,item
1143385653,unrelated,1,today,anymore
1143385654,unrelated,1,gruelling,right
1143385655,unrelated,1,rot,no
1143385656,unrelated,0.6487,there,out
1143385657,unrelated,0.6568,right,ill-timed
1143385658,antonym,0.6312,easily,uncomfortable
1143385659,unrelated,1,mistaken,right-hand
1143385660,unrelated,0.7684,inadmissible,properly
1143385661,unrelated,0.6793,right,terrible
1143385662,other,0.6809,inept,tactful
1143385663,unrelated,0.6787,keenness,obtuseness
1143385664,unrelated,0.6482,badli,well
1143385665,entailment,0.3647,surprising,formula
1143385666,paraphrase,1,forever,perpetually
1143385667,unrelated,1,even,exchangeable
1143385670,other,0.3483,mighty,inconceivable
1143385671,unrelated,1,incorrectly,fountainhead
1143385672,unrelated,0.6424,well-heeled,impractical
1143385673,unrelated,1,flash,overpriced
1143385674,unrelated,1,taboo,safe
1143385675,unrelated,0.4705,accurate,wrongfulness
1143385676,unrelated,0.6441,hyperopia,myopia
1143385677,unrelated,0.6378,harmful,levelheaded
1143385678,unrelated,1,soon,withal
1143385679,unrelated,1,pending,sterilise
1143385680,antonym,1,sleeved,sleeveless
1143385681,antonym,0.3498,svelte,well
1143385682,unrelated,1,ugly,compensate
1143385683,unrelated,1,last,even
1143385684,antonym,1,limitless,bound
1143385685,antonym,1,uncharacteristically,characteristically
1143385686,unrelated,1,detail,good
1143385687,antonym,0.6632,fragmental,complete
1143385688,antonym,1,decent,horrible
1143385689,antonym,0.6776,correct,fictitious
1143385690,paraphrase,0.6879,fair,correctly
1143385691,other,0.5238,safe,fine
1143385692,unrelated,0.6476,right,okeh
1143385693,unrelated,1,untenable,permissible
1143385694,paraphrase,0.3447,sufficiency,satisfactory
1143385695,unrelated,1,bonk,uncertain
1143385696,unrelated,1,probable,insignificant
1143385697,unrelated,0.6482,out,real
1143385698,unrelated,1,right,flex
1143385699,antonym,0.6772,right,unjust
1143385700,unrelated,0.7721,evil,defective
1143385701,unrelated,0.6478,little,honest
1143385702,unrelated,1,funky,fair
1143385703,unrelated,1,straight,practically
1143385704,antonym,0.6384,satisfactory,unbearable
1143385705,unrelated,1,even,head
1143385706,unrelated,0.693,provide,can
1143385707,antonym,1,accurate,awry
1143385708,antonym,0.7032,cry,laugh
1143385709,unrelated,0.6569,unfairly,considerably
1143385710,unrelated,0.6437,even,vary
1143385711,antonym,0.6824,mal,comely
1143385712,antonym,0.525,onerous,light
1143385713,unrelated,0.6765,wellspring,easy
1143385714,unrelated,1,hold,right
1143385715,unrelated,0.6765,dirty,safe
1143385716,unrelated,1,ticket,possible
1143385717,unrelated,1,impractical,well-heeled
1143385718,antonym,1,unserviceable,serviceable
1143385719,unrelated,1,mightily,unjust
1143385720,unrelated,1,practicable,deplorable
1143385721,unrelated,0.683,sophisticated,wanton
1143385722,unrelated,1,firmly,user-friendly
1143385723,unrelated,1,skilful,wicked
1143385724,antonym,1,incorrect,aright
1143385725,unrelated,1,annie,still
1143385726,unrelated,0.7467,sorry,honest
1143385727,unrelated,1,weakly,considerably
1143385728,unrelated,0.6624,small,meaning
1143385729,unrelated,1,failure,plenty
1143385730,unrelated,1,crazy,ripe
1143385731,unrelated,1,easy,sore
1143385732,antonym,0.6541,insufficient,equal
1143385733,unrelated,1,leisurely,intricate
1143385734,unrelated,0.5871,dependable,life-threatening
1143385735,unrelated,0.7032,appropriate,propel
1143385736,unrelated,0.6454,properly,insane
1143385737,unrelated,1,looney,possible
1143385738,unrelated,0.6644,loos,tight
1143385739,unrelated,1,wily,obvious
1143385740,unrelated,1,inadvisable,advance
1143385741,unrelated,0.6788,incorrect,rectify
1143385742,unrelated,1,even,glib
1143385743,antonym,0.6914,meddlesome,idle
1143385744,unrelated,0.6533,freestanding,joint
1143385745,unrelated,0.6757,available,accession
1143385746,unrelated,1,heavy,straightforward
1143385747,paraphrase,0.6761,unworkable,inconceivable
1143385748,other,0.6607,naughty,respectable
1143385749,unrelated,1,brook,compatible
1143385750,unrelated,1,slim,slow
1143385751,unrelated,0.3482,accurate,TRUE
1143385752,antonym,0.6979,distinctness,dullness
1143385753,antonym,1,few,plenty
1143385754,unrelated,1,skillful,evil
1143385755,unrelated,0.7486,intimately,loosely
1143385756,unrelated,1,deliver,none
1143385757,unrelated,0.7742,lousy,powerful
1143385758,unrelated,1,naw,nowadays
1143385759,unrelated,1,claim,application
1143385760,unrelated,1,executable,panicky
1143385761,antonym,0.6786,nah,good
1143385762,antonym,0.518,o.k.,improper
1143385763,unrelated,1,pack,everybody
1143385764,unrelated,0.6384,TRUE,yea
1143385765,unrelated,0.7215,office,powerlessness
1143385766,antonym,1,inconsequence,consequence
1143385767,unrelated,1,hump,unspecified
1143385768,unrelated,1,shaft,unscrew
1143385769,unrelated,1,easily,minuscule
1143385771,unrelated,1,somewhat,ripe
1143385772,unrelated,0.6641,more,consider
1143385773,other,0.6555,partly,precisely
1143385774,unrelated,1,steep,eligible
1143385775,antonym,1,important,meaningless
1143385776,paraphrase,0.3432,roughly,hard
1143385777,unrelated,0.756,dangerous,cool
1143385778,antonym,0.7415,permeable,impermeable
1143385779,antonym,1,good,malevolent
1143385780,unrelated,0.7091,rocky,easily
1143385781,other,0.7035,sensational,extrasensory
1143385782,unrelated,1,perpetually,more
1143385783,unrelated,0.6561,off,readiness
1143385784,unrelated,0.6485,alive,utterly
1143385785,unrelated,1,i,nay
1143385786,antonym,1,impertinent,polite
1143385787,unrelated,1,abject,feasible
1143385788,antonym,0.7043,bogus,lawful
1143385789,unrelated,1,alive,support
1143385790,antonym,1,misguided,correct
1143385791,unrelated,1,start,include
1143385792,unrelated,1,upset,mightily
1143385793,unrelated,0.7291,low,overly
1143385794,unrelated,1,spew,applicable
1143385795,unrelated,0.6884,further,solely
1143385796,unrelated,1,hirsute,safe
1143385797,antonym,0.6774,essential,needless
1143385798,unrelated,1,disgraceful,flop
1143385799,unrelated,0.7652,hard,brassy
1143385800,unrelated,1,slightly,decent
1143385801,unrelated,1,ripe,questionable
1143385802,unrelated,1,tidings,stupidity
1143385803,unrelated,1,lour,raise
1143385804,unrelated,1,minus,sol
1143385805,antonym,1,outset,end
1143385806,antonym,0.6756,extensiveness,smallness
1143385807,unrelated,0.6571,location,studio
1143385808,unrelated,0.3444,unattainable,unimaginable
1143385809,unrelated,0.6522,capable,shall
1143385810,antonym,0.6413,harsh,easygoing
1143385811,unrelated,1,compensate,incorrect
1143385812,unrelated,1,minor,meaning
1143385813,unrelated,0.6394,big,bad
1143385814,unrelated,1,undoubtedly,solitary
1143385815,unrelated,0.6433,indefinite,settle
1143385816,antonym,1,unconditionally,conditionally
1143385817,unrelated,0.6639,practically,unnecessary
1143385818,unrelated,1,castigate,inaccurate
1143385819,unrelated,1,plunk,hawk
1143385820,unrelated,0.7507,rough,commodity
1143385821,unrelated,1,marshal,demobilize
1143385822,unrelated,1,properly,handsome
1143385823,unrelated,1,right-hand,unfair
1143385824,unrelated,0.6527,unlikely,boastfully
1143385825,unrelated,0.7611,same,less
1143385826,category,1,slovenia,spain
1143385827,unrelated,1,even,capable
1143385828,antonym,0.6896,outcome,inconsequence
1143385829,other,0.6682,enormousness,narrowness
1143385830,unrelated,0.6047,redress,ill
1143385831,unrelated,1,sophisticated,well-off
1143385832,unrelated,1,compensate,unhappy
1143385833,unrelated,1,minimally,good
1143385834,unrelated,1,available,pitiable
1143385835,unrelated,0.6911,bad,iniquity
1143385836,unrelated,0.6455,unlikely,adequate
1143385837,antonym,0.6887,mend,break
1143385838,unrelated,1,disability,give
1143385839,paraphrase,0.6774,passing,running
1143385840,unrelated,1,pragmatic,impassable
1143385841,antonym,0.7689,offence,defence
1143385842,antonym,0.6853,improperly,good
1143385843,antonym,1,unwarranted,valid
1143385844,unrelated,1,right-hand,shitty
1143385845,unrelated,1,gladiola,sad
1143385846,unrelated,0.642,proficient,lame
1143385847,other,0.3576,encumbrance,noninterference
1143385848,unrelated,0.6382,lone,little
1143385849,unrelated,1,raw,good
1143385850,unrelated,1,TRUE,dismal
1143385851,unrelated,0.6659,specify,purpose
1143385852,unrelated,0.6593,high,miserable
1143385853,unrelated,0.691,potential,questionable
1143385854,unrelated,0.3746,exclusively,simply
1143385855,unrelated,1,sure,unnamed
1143385856,antonym,0.497,later,earliest
1143385857,unrelated,1,honest,dirty
1143385858,unrelated,1,straight,substantially
1143385859,unrelated,0.7334,easily,well
1143385860,unrelated,0.6476,dissemble,refrain
1143385861,unrelated,1,hungry,o.k.
1143385862,unrelated,0.6634,so,quiet
1143385863,unrelated,0.6969,minuscule,easily
1143385864,other,0.3597,weave,unwind
1143385865,unrelated,1,expensive,sleazy
1143385866,antonym,1,nighttime,day
1143385867,unrelated,1,theorise,shall
1143385868,antonym,0.6824,ineptitude,worth
1143385869,unrelated,0.6633,even,calm
1143385870,unrelated,0.6659,horrible,upright
1143385871,unrelated,1,even,upright
1143385872,unrelated,1,less,bear
1143385873,unrelated,1,crappy,official
1143385874,antonym,1,empty,fill
1143385875,unrelated,0.6347,few,oft
1143385876,unrelated,1,so,unaccompanied
1143385877,unrelated,1,uncertain,designate
1143385878,unrelated,0.6259,pathetic,rich
1143385879,antonym,0.6725,badly,soundly
1143385880,unrelated,0.6543,good,hard-pressed
1143385881,antonym,0.6548,anymore,solely
1143385882,antonym,0.6731,clumsy,appropriate
1143385883,unrelated,1,fart,unwind
1143385884,antonym,1,adulthood,immaturity
1143385885,paraphrase,0.3647,amaze,demystify
1143385886,unrelated,0.675,crazy,huffy
1143385887,antonym,1,roughness,smoothness
1143385888,unrelated,1,dispense,long
1143385889,unrelated,1,less,sol
1143385890,antonym,1,disproportional,proportionate
1143385891,unrelated,1,nope,thusly
1143385892,unrelated,0.6613,indisputable,insecure
1143385893,unrelated,1,anomalous,right-hand
1143385894,unrelated,0.6862,light,callous
1143385895,unrelated,0.3429,awesome,right
1143385896,unrelated,0.6612,estimable,pretty
1143385897,entailment,0.5012,armed,bear arms
1143385898,unrelated,0.6549,arrant,sketchy
1143385899,unrelated,1,as,downstairs
1143385900,unrelated,0.6329,identical,right
1143385901,unrelated,1,fountainhead,incorrectly
1143385902,unrelated,0.6841,ominous,readily
1143385903,unrelated,1,drab,possible
1143385904,antonym,0.6585,last,beginning
1143385905,antonym,0.6711,less,high
1143385906,antonym,1,sensitive,tough
1143385907,unrelated,0.6316,alternatively,hitherto
1143385908,antonym,0.6757,innocuous,noxious
1143385909,unrelated,1,considerably,franklin
1143385910,antonym,0.671,closedown,opening
1143385911,unrelated,0.6944,unable,insufferable
1143385912,antonym,1,compliance,nonconformity
1143385913,unrelated,0.6624,macrocosm,nonexistence
1143385914,other,0.6836,right,loony
1143385915,unrelated,1,rectify,shitty
1143385916,category,0.3497,even,low
1143385917,unrelated,1,jaydee,creepy
1143385918,antonym,1,oftentimes,few
1143385919,unrelated,0.6579,roughneck,difficult
1143385920,unrelated,1,right,screwball
1143385921,unrelated,1,aright,poor
1143385922,unrelated,0.67,straightaway,farther
1143385923,unrelated,0.5038,weak,expert
1143385924,unrelated,1,anymore,asset
1143385925,unrelated,1,meaningless,capture
1143385926,antonym,1,harmful,safe
1143385927,unrelated,1,l,accept
1143385928,unrelated,1,long,infirm
1143385929,antonym,1,well-founded,unsubstantiated
1143385930,unrelated,1,applicable,indifferent
1143385931,unrelated,0.637,chintzy,expensive
1143385932,antonym,1,hurt,pleasure
1143385933,unrelated,1,mighty,left
1143385934,unrelated,1,recently,yearn
1143385935,unrelated,1,can,ennoble
1143385936,paraphrase,0.3479,later,advance
1143385937,antonym,0.6454,step-up,decrease
1143385938,antonym,1,respire,breathless
1143385939,unrelated,1,represent,insert
1143385940,unrelated,0.5248,untreated,process
1143385941,unrelated,1,simply,anymore
1143385942,unrelated,1,hardly,good
1143385943,antonym,1,inconveniently,conveniently
1143385944,unrelated,0.6521,shut-in,receivable
1143385945,unrelated,0.3356,well,honorable
1143385946,unrelated,1,aright,somewhat
1143385947,unrelated,1,wind,right
1143385948,antonym,1,limited,sufficiency
1143385949,unrelated,1,lower,still
1143385950,unrelated,0.6785,formation,available information
1143385951,unrelated,1,crimson,nonviolent
1143385952,unrelated,1,franklin,well
1143385953,unrelated,0.6333,well,still
1143385954,unrelated,1,goodness,non
1143385955,other,0.3706,immediately,eventually
1143385956,unrelated,1,keep,dead
1143385957,unrelated,0.6567,horrible,correct
1143385958,unrelated,0.6809,unity,huh
1143385959,unrelated,0.6502,huh,so
1143385960,unrelated,1,tweed,black
1143385961,unrelated,0.6589,feminine,neuter
1143385962,unrelated,1,tail,detailed study
1143385963,unrelated,0.6428,unspoilt,sick
1143385964,unrelated,0.6404,tenuous,well
1143385965,antonym,1,regular,scarcely
1143385966,unrelated,1,process,no
1143385967,paraphrase,0.6606,reservoir,sink
1143385968,unrelated,1,here,whoa
1143385969,unrelated,1,slowly,tight
1143385970,unrelated,1,separate,peer
1143385971,antonym,0.6715,lucid,unclear
1143385972,antonym,0.4843,weak,decent
1143385973,unrelated,1,questionable,potential
1143385974,unrelated,1,arduous,adequately
1143385975,antonym,0.7726,nonsense,rightful
1143385976,antonym,0.7821,badly,fair
1143385977,unrelated,0.6814,necessary,helpless
1143385978,antonym,1,enthusiastically,unenthusiastically
1143385979,unrelated,1,immediately,indirectly
1143385980,unrelated,0.6418,sinful,estimable
1143385981,unrelated,0.6601,well-off,slim
1143385982,unrelated,1,blemish,good
1143385983,unrelated,0.701,right,unwarranted
1143385984,unrelated,1,dirty,ripe
1143385985,antonym,1,passively,actively
1143385986,unrelated,1,level,anymore
1143385987,unrelated,0.7091,up,outperform
1143385988,antonym,1,motionless,active
1143385989,paraphrase,0.6848,less,low-down
1143385990,unrelated,1,lame,thoroughly
1143385991,unrelated,0.6476,receptive,close
1143385992,other,0.7032,probable,questionable
1143385993,paraphrase,1,justly,correct
1143385994,antonym,0.6721,unimportant,requirement
1143385995,antonym,1,ostentatious,unostentatious
1143385996,other,0.6412,modestly,comfortably
1143385997,antonym,1,new,old
1143385998,unrelated,1,readily,seedy
1143385999,entailment,0.2661,crucial,significant
1143386000,unrelated,1,sherlock,inoperative
1143386001,unrelated,0.6677,firmly,difficult
1143386002,antonym,0.7691,tie,untie
1143386003,unrelated,1,olympian,up
1143386004,unrelated,1,scarce,far
1143386005,unrelated,1,hard,readily
1143386006,paraphrase,0.338,significant,substantive
1143386007,antonym,0.6245,unknown,learn
1143386008,unrelated,1,jazz,alien
1143386009,antonym,1,disproportionately,proportionately
1143386010,unrelated,1,avoirdupois,leanness
1143386011,unrelated,1,sole,furthermore
1143386012,unrelated,0.6458,venal,honest
1143386013,unrelated,1,good,non
1143386014,unrelated,0.6703,straightforward,tough
1143386015,unrelated,1,unlikely,farsighted
1143386016,unrelated,1,today,nah
1143386017,unrelated,1,point,evening
1143386018,unrelated,1,evening,huh
1143386019,unrelated,1,capricious,feasible
1143386020,unrelated,1,foresighted,moderately
1143386021,unrelated,1,perilous,condom
1143386022,unrelated,0.6512,blase,unworldly
1143386023,unrelated,0.4989,upright,well
1143386024,unrelated,1,badly,rightfield
1143386025,unrelated,0.6656,unintended,destine
1143386026,antonym,0.6748,proportionality,imbalance
1143386027,unrelated,0.7339,aright,rude
1143386028,unrelated,1,contrapuntal,monophonic
1143386029,unrelated,1,guilty,unacquainted
1143386030,antonym,1,non-negotiable,negotiable
1143386031,unrelated,1,emptiness,applicable
1143386032,antonym,1,decent,outrageous
1143386033,antonym,0.736,indisputable,doubtful
1143386034,unrelated,0.6624,even,endlessly
1143386035,unrelated,0.6684,goodness,mal
1143386036,unrelated,1,novel,polite
1143386037,unrelated,0.6809,redress,fine
1143386038,unrelated,1,nah,unity
1143386039,other,0.661,foresighted,future
1143386040,unrelated,1,seldom,good
1143386041,unrelated,0.648,wan,good
1143386042,unrelated,1,des,whole
1143386043,unrelated,1,moderately,tenacious
1143386044,unrelated,1,fussy,leisurely
1143386045,unrelated,0.673,fine,full
1143386046,antonym,1,executable,impracticable
1143386047,unrelated,1,possible,misfortunate
1143386048,antonym,0.6518,acuity,obtuseness
1143386049,unrelated,0.66,negatively,well
1143386050,unrelated,1,right,cook
1143386051,unrelated,1,fence,military personnel
1143386052,antonym,0.7732,soft,rugged
1143386053,antonym,1,focussed,unfocused
1143386054,unrelated,0.657,appropriate,sorry
1143386055,unrelated,1,rifle,come
1143386056,unrelated,1,excessively,beloved
1143386057,unrelated,1,capture,redundant
1143386058,unrelated,1,fountainhead,sparsely
1143386059,unrelated,1,polite,natural
1143386060,unrelated,0.6839,force,weakness
1143386061,unrelated,1,regular,storm
1143386062,unrelated,0.6795,plenty,small
1143386063,unrelated,1,shit,TRUE
1143386064,unrelated,0.6783,pause,keep
1143386065,antonym,0.6782,undefined,determine
1143386066,unrelated,1,bates,policy debate
1143386067,unrelated,1,as,beneath
1143386068,unrelated,1,hardly,practically
1143386069,unrelated,0.6396,unrivalled,hing
1143386070,antonym,0.6396,realizable,unmanageable
1143386072,unrelated,0.6454,naughty,dear
1143386073,paraphrase,1,ago,previous
1143386074,unrelated,1,helpless,allow
1143386075,unrelated,1,adequately,generally
1143386076,unrelated,1,live,period
1143386077,other,0.6392,unequaled,so
1143386078,unrelated,1,intact,switch
1143386079,unrelated,0.507,disruptive,untroubled
1143386080,unrelated,1,classified,admonition
1143386081,unrelated,1,functionary,unofficial
1143386082,unrelated,1,turnabout,obverse
1143386083,unrelated,1,right,damage
1143386084,unrelated,1,lawful,brilliant
1143386085,unrelated,1,abusive,mighty
1143386086,unrelated,1,avowedly,no
1143386087,unrelated,1,applicable,redundant
1143386088,unrelated,0.6347,correct,hard
1143386089,unrelated,1,hurt,correctly
1143386090,unrelated,0.7245,abusive,rectify
1143386091,unrelated,0.7284,readily,heavy
1143386092,paraphrase,0.6454,alright,justly
1143386093,unrelated,1,lojack,voiceless
1143386094,antonym,0.6804,unfeigned,erroneous
1143386095,unrelated,1,permissible,throttle
1143386096,entailment,0.6869,necessary,absolutely necessary
1143386097,unrelated,1,sparsely,selfsame
1143386098,unrelated,1,decent,little
1143386099,unrelated,1,aplomb,sorry
1143386100,antonym,1,discriminative,non-discriminatory
1143386101,unrelated,0.6579,effective,little
1143386102,antonym,0.5148,potential,implausible
1143386103,unrelated,0.6617,hurtful,safe
1143386104,unrelated,0.728,salutary,scary
1143386105,unrelated,1,maybe,hardly
1143386106,unrelated,1,heretofore,stay
1143386107,unrelated,0.6429,kvetch,cheer
1143386108,antonym,0.6824,harmful,dependable
1143386109,antonym,1,uneventful,eventful
1143386110,antonym,1,insanely,sanely
1143386111,unrelated,0.6644,irrelevant,receivable
1143386112,unrelated,0.4852,well-to-do,simple
1143386113,unrelated,0.5866,dandy,iffy
1143386114,unrelated,1,annie,regular
1143386115,antonym,0.6814,permissible,objectionable
1143386116,unrelated,1,still,well
1143386117,antonym,1,bridgeable,unbridgeable
1143386118,unrelated,0.6427,finicky,easy
1143386119,unrelated,1,extraordinary,redress
1143386120,antonym,1,safe,peril
1143386121,antonym,0.3446,center,left
1143386122,antonym,1,okay,badly
1143386123,antonym,0.7171,tangible,unreal
1143386124,antonym,0.6296,inappropriate,necessary
1143386125,unrelated,0.6615,skilful,unclear
1143386126,antonym,0.6676,unsound,well
1143386127,unrelated,0.5247,hapless,acceptable
1143386128,unrelated,1,earnest,excessively
1143386129,unrelated,0.6242,easy,scarcely
1143386130,unrelated,1,possible,lavatory
1143386131,unrelated,1,inaccurate,decline
1143386132,antonym,1,ineffectual,efficient
1143386133,antonym,1,peacefulness,war
1143386134,unrelated,0.6448,correct,rotten
1143386135,unrelated,1,inappropriate,unspoiled
1143386136,unrelated,1,onerous,wanton
1143386137,unrelated,1,decent,anymore
1143386138,unrelated,0.7505,barren,no
1143386139,antonym,1,non-discriminatory,discriminatory
1143386140,unrelated,1,less,peer
1143386141,antonym,0.6434,devoice,voice
1143386142,unrelated,1,spouse,alive
1143386143,antonym,1,machine-made,handmade
1143386144,entailment,0.6424,right,right
1143386145,paraphrase,1,oft,frequently
1143386146,unrelated,0.6519,easy,crabbed
1143386147,unrelated,0.6389,obvious,intemperate
1143386148,unrelated,1,decline,improper
1143386149,antonym,1,fear,fearlessness
1143386150,antonym,0.6652,accommodate,reject
1143386151,antonym,0.3445,iffy,expectant
1143386152,unrelated,1,laborious,adequately
1143386153,unrelated,0.7425,exacerbate,better
1143386154,unrelated,1,bad,cunning
1143386155,unrelated,0.6663,invalid,valuable
1143386156,antonym,0.6691,genuine,incorrect
1143386157,antonym,1,armored,unarmored
1143386158,antonym,0.6925,delineate,generalize
1143386159,unrelated,1,rude,right
1143386160,unrelated,1,flow,surprisingly
1143386161,unrelated,1,outside,equitable
1143386162,unrelated,0.6508,subsequently,plus
1143386163,unrelated,1,appendage,nonmember
1143386164,antonym,1,peripheral,central
1143386165,unrelated,1,significant,sequent
1143386166,antonym,1,unfashionable,fashionable
1143386167,unrelated,0.6724,unreasonable,impertinent
1143386168,unrelated,0.6715,block,no
1143386169,unrelated,0.6013,pre,belated
1143386170,unrelated,0.6479,spoilt,correct
1143386171,unrelated,1,pretend,good
1143386173,other,0.4918,difficult,harsh
1143386174,unrelated,0.7476,appropriate,flaw
1143386175,other,0.3646,formation,new information
1143386176,unrelated,0.6291,devise,disorganise
1143386177,unrelated,1,ass,able
1143386178,unrelated,1,unholy,right
1143386179,unrelated,1,solely,shortly
1143386180,unrelated,0.6476,sorry,avowedly
1143386181,unrelated,1,application,bespeak
1143386182,unrelated,0.6768,bad,difficult
1143386183,unrelated,0.6393,minimally,easily
1143386184,antonym,1,inadmissible,acceptable
1143386185,unrelated,1,comprise,management
1143386186,unrelated,0.2676,considerably,comfortably
1143386187,antonym,0.6904,immorality,good
1143386188,antonym,0.6384,regrettably,luckily
1143386189,unrelated,1,extraneous,conquer
1143386190,other,0.6786,certainly,entirely
1143386191,unrelated,1,rotten,rightfield
1143386192,unrelated,1,practically,nada
1143386193,unrelated,0.6561,natural,right
1143386194,unrelated,0.6909,glass,unglazed
1143386195,unrelated,0.6752,sick,crazy
1143386196,unrelated,1,outstrip,income
1143386197,unrelated,0.6824,passing,gain
1143386198,unrelated,0.6607,today,eventually
1143386199,unrelated,1,more,discover
1143386200,unrelated,1,lone,highly
1143386201,unrelated,1,anymore,evening
1143386202,unrelated,0.3591,groundless,appropriate
1143386203,unrelated,1,adequately,seedy
1143386204,unrelated,1,erroneous,ripe
1143386205,unrelated,1,anybody,peerless
1143386206,unrelated,0.7606,paltry,possible
1143386207,antonym,0.693,justly,FALSE
1143386208,unrelated,1,tail,detailed account
1143386209,unrelated,0.4974,three-piece,one-piece
1143386210,unrelated,1,big,favourable
1143386211,unrelated,0.6701,low,elation
1143386212,unrelated,1,eve,huh
1143386213,antonym,0.7405,non-binding,compulsory
1143386214,antonym,0.6874,placidity,unquiet
1143386215,unrelated,1,deed,vice versa
1143386216,unrelated,0.7743,fishy,crazy
1143386217,antonym,1,unhelpful,utile
1143386218,unrelated,1,geographic,magnetic
1143386219,unrelated,0.7007,easy,hooligan
1143386220,unrelated,1,unimportant,farsighted
1143386221,antonym,1,previous,latter
1143386222,antonym,0.6473,soreness,comfort
1143386223,unrelated,0.7467,unknown,assign
1143386224,antonym,0.6891,salacious,acceptable
1143386225,antonym,0.7185,luminosity,dark
1143386226,antonym,1,limit,unlimited
1143386227,antonym,0.3474,plenty,poorly
1143386228,antonym,1,unapproachable,available
1143386229,antonym,1,unify,divide
1143386230,unrelated,0.6509,satisfactory,feeble
1143386231,unrelated,1,substantially,easy
1143386232,unrelated,0.7663,erupt,extinguish
1143386233,antonym,0.6896,honest,naughty
1143386234,unrelated,0.7654,terrible,workable
1143386235,unrelated,0.6676,upright,lousy
1143386236,antonym,0.6752,fruitlessly,profitably
1143386237,unrelated,1,risky,handsome
1143386238,unrelated,1,compensate,nonsense
1143386239,unrelated,1,cold,prosperous
1143386240,unrelated,1,mighty,inadequate
1143386241,unrelated,1,d,personify
1143386242,paraphrase,0.5015,roughneck,hard
1143386243,unrelated,1,easy,unbelievable
1143386244,unrelated,1,excessively,jesus
1143386245,antonym,0.6645,robust,poor
1143386246,unrelated,1,cartel,distrust
1143386247,paraphrase,0.6386,straight,correct
1143386248,antonym,0.6634,tonal,atonal
1143386249,antonym,1,happy,sad
1143386250,category,0.3473,adsorbate,absorbable
1143386251,unrelated,1,long,hatful
1143386252,unrelated,1,farsighted,inadequately
1143386253,other,0.6467,well,comfortably
1143386254,unrelated,1,justly,bogus
1143386255,unrelated,1,no,equitable
1143386256,unrelated,0.6633,easy,leisurely
1143386257,unrelated,0.6508,easily,sophisticated
1143386258,unrelated,1,hardly,fountainhead
1143386259,unrelated,0.6463,pixilated,easy
1143386260,unrelated,1,maybe,scarce
1143386261,unrelated,0.6746,hale,half
1143386262,unrelated,1,depart,right
1143386263,unrelated,1,weak,sound
1143386264,unrelated,0.7204,easy,dread
1143386265,unrelated,1,later,agone
1143386266,unrelated,1,today,suffice
1143386267,antonym,0.3403,unclear,indisputable
1143386268,antonym,1,erroneous,truthful
1143386269,antonym,0.6245,inform,uninformed
1143386270,other,0.3604,tough,tough
1143386271,unrelated,0.7462,low,thoroughly
1143386272,antonym,1,unorthodoxy,orthodoxy
1143386276,unrelated,1,stranger,possible
1143386277,antonym,1,activation,inactivation
1143386278,antonym,1,incomplete,perfect
1143386279,unrelated,1,level,barely
1143386280,antonym,0.6296,unacceptable,likely
1143386281,antonym,0.6508,well,gloomy
1143386282,paraphrase,0.6957,readily,easy
1143386283,unrelated,0.6378,let,shall
1143386284,unrelated,0.6582,recent,timeliness
1143386285,unrelated,0.6765,unjust,right-hand
1143386286,unrelated,0.6799,unwell,justly
1143386287,unrelated,0.7684,bad,suitable
1143386288,other,0.3576,correct,uncollectible
1143386289,unrelated,1,tight,good
1143386290,entailment,0.3455,right,alright
1143386291,unrelated,1,take,triiodothyronine
1143386292,antonym,0.7737,properly,counterfeit
1143386293,unrelated,0.6701,ugly,right
1143386294,unrelated,1,none,stimulate
1143386295,antonym,0.7821,switch,stay
1143386296,unrelated,1,miserable,practicable
1143386297,unrelated,1,ugly,salutary
1143386298,antonym,1,goodness,cruel
1143386299,unrelated,1,hostelry,dislodge
1143386300,antonym,0.6935,proficient,flawed
1143386301,antonym,0.6748,terrible,effective
1143386302,unrelated,1,anymore,nigh
1143386303,antonym,0.3647,miserable,insufferable
1143386304,unrelated,1,compatible,patronise
1143386305,unrelated,1,awful,promiscuous
1143386306,unrelated,0.6354,swell,even
1143386307,unrelated,1,trust,despair
1143386308,antonym,0.6774,unimaginable,plausible
1143386309,unrelated,0.7416,good,dotty
1143386310,paraphrase,1,okey,right
1143386311,unrelated,1,speculative,wrong
1143386312,unrelated,1,meaningless,requirement
1143386313,unrelated,1,sinful,rectify
1143386314,unrelated,1,bear,compatible
1143386315,unrelated,0.6315,stagnant,living
1143386316,unrelated,1,les,entirely
1143386317,unrelated,1,unknown,condition
1143386318,unrelated,0.6781,advantageously,comfortably
1143386319,unrelated,1,rotten,redress
1143386320,unrelated,0.6518,stance,certain circumstances
1143386321,other,0.6809,unaltered,exchange
1143386322,unrelated,0.7191,supernumerary,relevant
1143386323,unrelated,1,dim-witted,complex
1143386324,unrelated,1,birth,l
1143386325,unrelated,1,withal,yes
1143386326,antonym,1,irrelevant,substantial
1143386327,antonym,0.6552,determine,unspecified
1143386328,paraphrase,0.4732,goodness,well
1143386329,unrelated,1,regular,till
1143386330,unrelated,1,be,decision
1143386331,other,0.3458,wrong,normal
1143386332,antonym,1,active,static
1143386333,antonym,0.6849,grief,joy
1143386334,unrelated,1,civil,sidereal
1143386335,unrelated,0.6271,easy,straight
1143386336,unrelated,1,ensure,c
1143386337,unrelated,0.6499,can,provide
1143386338,unrelated,1,tenacious,scarcely
1143386339,unrelated,0.6703,sole,longer
1143386340,unrelated,1,tail,possible
1143386341,unrelated,0.6813,well,fix
1143386342,unrelated,0.6367,spare,available
1143386343,unrelated,1,awry,fair
1143386344,unrelated,0.699,shitty,properly
1143386345,antonym,0.6585,feasible,impractical
1143386346,antonym,1,characteristic,uncharacteristic
1143386347,antonym,0.6779,essential,helpless
1143386348,unrelated,1,sneak,unhook
1143386349,unrelated,0.6454,roughly,difficult
1143386350,unrelated,0.6226,good-for-nothing,TRUE
1143386351,unrelated,1,deplorable,available
1143386352,unrelated,1,mightily,unwell
1143386353,unrelated,0.6333,paste,gather
1143386354,paraphrase,1,mischievously,bad
1143386355,unrelated,1,easily,wrongly
1143386356,unrelated,0.501,so,scarce
1143386357,unrelated,1,bitterly,swell
1143386358,unrelated,0.6522,real,low
1143386359,unrelated,1,handgrip,name
1143386360,unrelated,0.6556,redundant,applicable
1143386361,antonym,0.6396,inconceivable,easy
1143386362,antonym,0.6858,ineffectual,sufficient
1143386363,antonym,0.7091,specific,none
1143386364,antonym,0.343,safe,foul
1143386365,unrelated,1,mediocre,wrong
1143386366,unrelated,1,counterbalance,unreliable
1143386367,unrelated,1,purse,unwrinkled
1143386368,unrelated,0.4921,shameful,permissible
1143386369,antonym,1,acceptable,reprehensible
1143386370,antonym,0.5104,assertion,reversal
1143386371,unrelated,1,pretty,respectable
1143386372,paraphrase,1,limit,limited
1143386373,unrelated,0.6502,level,actually
1143386374,unrelated,0.6848,traduce,benign
1143386375,unrelated,0.6485,bear,bull
1149036295,antonym,1,contralateral,ipsilateral
1149036296,unrelated,0.6408,bask,suffer
1149036297,paraphrase,0.3447,crucial,unimportant
1149036298,unrelated,1,costly,punk
1149036299,antonym,1,winner,failure
1149036300,unrelated,1,cite,hold
1149036301,antonym,1,advantageous,disadvantageous
1149036302,unrelated,0.694,shag,unscrew
1149036303,unrelated,0.6931,amazingly,arguably
1149036304,paraphrase,0.3357,seaward,offshore
1149036305,other,0.3674,gruelling,smooth
1149036306,unrelated,1,comfortably,low
1149036307,unrelated,1,unhealthy,near
1149036308,antonym,0.6768,straighten,bend
1149036309,unrelated,0.6911,out-of-doors,close
1149036310,unrelated,0.6481,farsighted,rare
1149036311,unrelated,1,sure,lotion
1149036312,unrelated,0.6683,abuse,mightily
1149036313,unrelated,0.6741,skin,show
1149036314,unrelated,0.6557,wrong,unfeigned
1149036315,unrelated,0.6238,lawful,bogus
1149036316,unrelated,1,upset,commodity
1149036317,other,0.348,fraternal,identical
1149036318,other,0.6689,obtainable,executable
1149036319,other,0.6634,awfully,right
1149036320,unrelated,0.6745,sorry,okay
1149036321,antonym,0.6979,available,scarce
1149036322,antonym,0.6589,sympathetic,unkindly
1149036323,unrelated,0.6677,right,ill-conceived
1149036324,antonym,1,unassertive,assertive
1149036325,unrelated,1,continuously,even
1149036326,unrelated,1,near,scary
1149036327,unrelated,0.6678,normal,dotty
1149036328,unrelated,1,more,success
1149036329,antonym,1,polite,impertinent
1149036330,unrelated,1,further,heretofore
1149036331,unrelated,0.6591,correct,poor
1149036332,unrelated,1,significant,tike
1149036333,other,0.3483,chant,toneless
1149036334,unrelated,1,goon,obvious
1149036335,unrelated,1,actually,eve
1149036336,unrelated,1,appropriate,ghastly
1149036337,unrelated,1,disgraceful,justly
1149036338,unrelated,1,miserable,commodity
1149036339,antonym,1,activate,inactivate
1149036340,unrelated,1,put,power supply
1149036341,unrelated,1,laborious,user-friendly
1149036342,unrelated,1,no,TRUE
1149036343,antonym,0.6699,seriousness,insincerity
1149036344,antonym,1,useless,necessary
1149036345,antonym,1,disorganize,organise
1149036346,unrelated,1,carry,ter
1149036347,antonym,1,boundlessly,measurably
1149036348,unrelated,0.6766,good,unseasonable
1149036349,unrelated,0.6517,so,moderately
1149036350,antonym,0.6598,incapacitate,admissible
1149036351,unrelated,1,punk,yearn
1149036352,unrelated,0.6882,practically,damn
1149036353,unrelated,1,potential,hard
1149036354,unrelated,1,bad,loose
1149036355,paraphrase,0.3381,permit,shall
1149036356,antonym,1,tuneful,tuneless
1149036357,unrelated,1,settlement,preparation
1149036358,unrelated,1,naked,polite
1149036359,unrelated,1,project,more
1149036360,antonym,1,early,later
1149036361,unrelated,0.6392,harmless,sober
1149036362,unrelated,1,uncertain,gentle
1149036363,unrelated,1,even,stage
1149036364,antonym,0.6676,accessible,unavailable
1149036365,antonym,0.6604,intemperate,pleasant
1149036366,antonym,0.6813,void,fullness
1149036367,unrelated,0.6545,reliable,correct
1149036368,unrelated,0.6193,mistaken,ripe
1149036369,unrelated,1,awry,advantageously
1149036370,antonym,0.6614,seldom,overly
1149036371,unrelated,1,name,have
1149036372,unrelated,1,completely,virtually
1149036373,unrelated,1,short,complete
1149036374,unrelated,0.6634,user-friendly,gruelling
1149036375,unrelated,1,easy,ill
1149036376,entailment,0.3486,substantially,wrong
1149036377,antonym,1,unamended,amend
1149036378,antonym,1,unfit,adequately
1149036379,unrelated,1,sufficient,dead
1149036380,unrelated,1,strange,recognise
1149036381,antonym,1,suitable,inapplicable
1149036382,unrelated,1,specialise,unknown
1149036383,unrelated,1,entirely,still
1149036384,paraphrase,0.6783,still,currently
1149036385,unrelated,1,good,over-the-top
1149036386,unrelated,0.6654,mightily,unclear
1149036387,unrelated,0.6472,set,deficient
1149036388,unrelated,0.6839,apply,unspent
1149036389,antonym,0.66,insignificant,important
1149036390,unrelated,1,average,evil
1149036391,antonym,1,finishing,start
1149036392,unrelated,0.6644,inadmissible,decent
1149036393,antonym,1,indication,contraindication
1149036394,unrelated,1,estimable,amiss
1149036397,antonym,1,prior,late
1149036398,unrelated,0.6719,rectify,inequitable
1149036399,unrelated,0.6542,sufficiency,insignificant
1149036400,unrelated,0.6946,lone,less
1149036401,unrelated,1,severely,user-friendly
1149036402,unrelated,1,admittedly,equitable
1149036403,unrelated,1,needle,appropriate
1149036404,unrelated,1,realise,loss
1149036405,antonym,0.6413,disaccord,agree
1149036406,unrelated,1,undue,sane
1149036407,unrelated,0.6759,weak,acceptable
1149036408,unrelated,1,renovate,break
1149036409,unrelated,1,respectable,no
1149036410,unrelated,1,hard,substantially
1149036411,antonym,0.3403,erroneously,good
1149036412,paraphrase,0.6496,bit,sole
1149036413,unrelated,0.6332,anybody,one
1149036414,unrelated,0.6766,correct,fictive
1149036415,unrelated,1,fair,so
1149036416,antonym,1,insufferable,desirable
1149036417,unrelated,0.6719,terrible,soft
1149036418,antonym,0.6913,easygoing,harsh
1149036419,antonym,1,unlawful,legalize
1149036420,unrelated,0.6631,reckless,prophylactic
1149036421,antonym,0.6855,certainly,unlikely
1149036422,unrelated,1,bazaar,bad
1149036423,antonym,1,correct,faux
1149036424,other,0.3517,continuously,regular
1149036425,antonym,0.6674,TRUE,deceitful
1149036426,unrelated,1,unwell,seize
1149036427,unrelated,0.3619,reliable,brilliant
1149036428,unrelated,1,ampere,com
1149036429,antonym,0.6833,lightly,considerably
1149036430,unrelated,0.6377,lame,unspoiled
1149036431,antonym,1,subsequently,former
1149036432,unrelated,0.6589,admittedly,precisely
1149036433,unrelated,0.7039,crazy,risible
1149036434,unrelated,1,substantially,less
1149036435,unrelated,1,thoroughly,hard
1149036436,unrelated,1,terrible,mighty
1149036437,unrelated,1,binding,there
1149036438,unrelated,0.6636,intelligibly,surprisingly
1149036439,unrelated,1,wellspring,sick
1149036440,unrelated,1,equal,reprint
1149036441,unrelated,1,right,counter-productive
1149036442,unrelated,0.6709,complaint,good
1149036443,unrelated,1,bullshit,slump
1149036444,unrelated,1,justly,handsome
1149036445,unrelated,0.6575,justly,sinful
1149036446,unrelated,1,badly,mighty
1149036447,unrelated,1,require,easy
1149036448,antonym,0.6683,reasonable,excessive
1149036449,entailment,0.3656,wrong,chasten
1149036450,unrelated,0.6468,long,card
1149036451,antonym,0.6392,decline,accurate
1149036452,unrelated,0.6643,non,well
1149036453,antonym,1,satisfactory,inadmissible
1149036454,unrelated,1,well,asshole
1149036455,antonym,0.3519,workable,ridiculous
1149036456,unrelated,0.3435,right,poorly
1149036457,unrelated,0.6238,impossible,low
1149036458,unrelated,1,weak,retentive
1149036459,unrelated,1,off,rigid
1149036460,unrelated,1,rugged,tardily
1149036461,unrelated,1,no,produce
1149036462,antonym,1,available,unapproachable
1149036463,unrelated,1,understandably,astonishingly
1149036464,antonym,1,unrealistically,realistically
1149036465,antonym,1,elderly,young
1149036466,unrelated,1,less,follow
1149036467,unrelated,1,TRUE,delicately
1149036468,antonym,1,sanity,insanity
1149036469,unrelated,1,available,shortly
1149036470,unrelated,1,jaydee,turd
1149036471,unrelated,1,retentive,card
1149036472,unrelated,0.6823,unconscionable,satisfactory
1149036473,unrelated,0.6701,correct,redress
1149036474,antonym,1,good,painful
1149036475,unrelated,1,scarcely,likewise
1149036476,unrelated,1,discipline,unkind
1149036477,unrelated,0.6794,nominal,important
1149036478,unrelated,1,now,possibly
1149036479,unrelated,0.6444,hard,convenient
1149036480,antonym,1,dreadful,good
1149036481,unrelated,1,cold,wanton
1149036482,unrelated,1,possible,impulsive
1149036483,other,0.6583,horrible,beneficial
1149036484,unrelated,0.6826,extraordinary,formula
1149036485,antonym,0.6608,amiss,effective
1149036486,unrelated,1,good,franklin
1149036487,unrelated,0.3937,manageable,possible
1149036488,unrelated,0.6545,windy,feasible
1149036489,unrelated,1,well,prick
1149036490,antonym,1,self-governing,dependent
1149036491,unrelated,1,good,overturn
1149036492,unrelated,1,good,few
1149036493,unrelated,1,unusual,justly
1149036494,unrelated,1,considerably,bit
1149036495,paraphrase,0.6652,kinship,consanguinity
1149036496,unrelated,1,grant,stand
1149036498,antonym,1,disorder,order
1149036499,antonym,1,nonconformity,conformism
1149036500,unrelated,1,interpret,more
1149036501,unrelated,1,d,have
1149036502,unrelated,1,raven,postdate
1149036503,other,0.3443,limited,more
1149036504,unrelated,1,atrocious,easy
1149036505,unrelated,1,make,off
1149036506,antonym,0.6647,ascertain,unclear
1149036507,unrelated,0.6811,steep,reasonable
1149036508,antonym,1,unconstitutional,constitutional
1149036509,unrelated,1,as,little
1149036510,unrelated,0.6516,viable,untenable
1149036511,unrelated,1,approve,gonna
1149036512,antonym,0.6729,quiet,hard
1149036513,unrelated,1,unwell,unspoiled
1149036514,unrelated,1,decent,sufficient
1149036515,unrelated,1,crease,increased dramatically
1149036516,unrelated,0.6681,eligible,obnoxious
1149036517,unrelated,1,undesirable,conquer
1149036518,unrelated,1,name,prevail
1149036519,unrelated,1,available,windy
1149036520,unrelated,1,guess,shall
1149036521,unrelated,1,amazingly,organically
1149036522,unrelated,1,whole,l
1149036523,unrelated,1,fifty-fifty,hardly
1149036524,unrelated,0.6755,bullshit,right
1149036525,unrelated,1,pregnant,important
1149036526,unrelated,1,clean,sore
1149036527,unrelated,1,appropriate,supernumerary
1149036528,unrelated,0.6636,touch,separate
1149036529,unrelated,0.6433,self-evidently,astonishingly
1149036530,antonym,1,efferent,afferent
1149036531,unrelated,1,spiteful,commodity
1149036532,unrelated,1,away,working
1149036533,antonym,1,unpopular,popular
1149036534,unrelated,0.6683,beneficial,mad
1149036535,unrelated,0.3467,unwilling,willing
1149036536,unrelated,1,estimable,huh
1149036537,unrelated,1,scant,dark
1149036538,antonym,0.656,properly,unhealthy
1149036539,unrelated,0.6758,actually,equitable
1149036540,unrelated,1,no,hitherto
1149036541,unrelated,1,shortly,solely
1149036542,unrelated,1,sleeveless,necessary
1149036543,unrelated,0.662,restrain,permissible
1149036544,other,0.6767,inescapable,possible
1149036545,unrelated,0.6849,shaver,long
1149036546,unrelated,1,as,poorly
1149036547,unrelated,0.6731,unthinkable,aright
1149036548,antonym,0.6597,tameness,wildness
1149036549,unrelated,1,cockamamie,jaydee
1149036550,antonym,0.6843,topsy-turvy,orderly
1149036551,antonym,0.6268,unsuccessful,correct
1149036552,unrelated,1,levy,lower
1149036553,antonym,1,discontent,contentment
1149036554,other,0.3587,considerably,slight
1149036555,antonym,1,sanely,unreasonably
1149036556,unrelated,1,unbelievable,large
1149036557,unrelated,1,long,sentence
1149036558,paraphrase,0.3476,livelihood,alive
1149036559,unrelated,1,farsighted,sparsely
1149036560,unrelated,0.6604,heavy,easy
1149036561,paraphrase,0.3668,easily,comfortably
1149036562,other,0.3425,TRUE,exact
1149036563,unrelated,0.6802,comfortably,little
1149036564,unrelated,1,mighty,abuse
1149036565,antonym,0.3475,goodness,sinful
1149036566,unrelated,1,similarly,even
1149036567,unrelated,1,feasible,impulsive
1149036568,unrelated,0.673,inherent,unconstitutional
1149036569,unrelated,0.6533,good,harsh
1149036570,unrelated,0.6649,ripe,invalid
1149036571,unrelated,0.6414,besotted,easy
1149036572,paraphrase,1,even,evenly
1149036573,antonym,0.6777,infidelity,faithfulness
1149036574,antonym,1,suasion,dissuasion
1149036575,antonym,1,match,different
1149036576,antonym,1,phony,truthful
1149036577,unrelated,1,throw,none
1149036578,unrelated,1,incompatible,defend
1149036579,unrelated,1,understand,c
1149036580,unrelated,1,nude,civil
1149036581,unrelated,1,differently,huh
1149036582,antonym,1,indestructible,destructible
1149036583,unrelated,0.678,unusual,convention
1149036584,antonym,0.6961,slack,tense
1149036585,unrelated,0.6833,grave,alright
1149036586,unrelated,1,fateful,white
1149036587,antonym,0.6924,sufficient,uncompleted
1149036588,unrelated,0.6633,unclear,estimable
1149036589,unrelated,0.6481,funny,demented
1149036590,unrelated,1,unreal,powerful
1149036591,unrelated,1,dreary,TRUE
1149036592,category,1,finland,germany
1149036593,unrelated,1,easy,foresighted
1149036594,unrelated,1,nonetheless,free
1149036595,unrelated,0.7125,practically,insufficiently
1149036596,unrelated,1,rent,prevent
1149036597,unrelated,0.6543,commodity,painful
1149036599,unrelated,1,weak,farsighted
1149036600,unrelated,1,sorry,potential
1149036601,unrelated,0.6925,practicable,piteous
1149036602,antonym,0.3471,apportion,empty
1149036603,unrelated,0.655,lame,respectable
1149036604,unrelated,0.655,title,law
1149036605,unrelated,0.6312,abortive,effective
1149036606,unrelated,1,solitary,be
1149036607,antonym,0.6618,later,erstwhile
1149036608,unrelated,0.6652,forthwith,maybe
1149036609,other,0.34,tike,parent
1149036610,unrelated,0.6793,no,share
1149036611,antonym,1,safety,life-threatening
1149036612,unrelated,1,in,scarce
1149036613,other,0.342,unfeasible,unacceptable
1149036614,antonym,1,unimportant,necessity
1149036615,unrelated,0.6551,usable,pointless
1149036616,antonym,1,little,big
1149036617,unrelated,1,easy,discombobulate
1149036618,unrelated,1,unhealthy,flop
1149036619,unrelated,0.6433,dumbfound,demystify
1149036620,unrelated,0.6649,soundly,unclear
1149036621,unrelated,0.6811,subsequently,prior
1149036622,unrelated,1,uncomfortable,unspoiled
1149036623,unrelated,0.6752,refusal,take
1149036624,unrelated,1,incessantly,even
1149036625,unrelated,0.3549,appoint,hold
1149036626,unrelated,0.6878,limited,multitudinous
1149036627,unrelated,1,secure,poor
1149036628,paraphrase,1,hard,hard
1149036629,antonym,0.3496,eventually,instantly
1149036630,unrelated,0.6752,closely,less
1149036631,antonym,0.6499,less,fully
1149036632,unrelated,0.6721,dissipation,no
1149036633,unrelated,1,express,infinite
1149036634,unrelated,0.6457,correct,sore
1149036635,unrelated,0.649,iniquity,good
1149036636,unrelated,1,have,thyroxine
1149036637,antonym,1,adult,juvenile
1149036638,unrelated,1,warning,relegate
1149036639,unrelated,1,hypocrite,correct
1149036640,unrelated,1,variable,live
1149036641,unrelated,1,ferment,off
1149036642,antonym,0.6632,powerful,normal
1149036643,antonym,0.6526,longer,immediately
1149036644,unrelated,0.6689,tardily,unclear
1149036645,unrelated,0.6974,flop,awful
1149036646,unrelated,1,at,modality
1149036647,unrelated,0.6603,dear,rotten
1149036648,unrelated,0.6823,undetermined,see
1149036649,unrelated,1,ill,actually
1149036650,unrelated,0.6548,intimately,inefficiently
1149036651,unrelated,0.6368,mistakenly,advantageously
1149036652,unrelated,1,unspoiled,painful
1149036653,antonym,1,predictably,unexpectedly
1149036654,unrelated,0.6612,dear,horrible
1149036655,unrelated,1,readily,short
1149036656,unrelated,1,little,available
1149036657,unrelated,0.6816,richness,emptiness
1149036658,unrelated,1,sputter,unscramble
1149036659,unrelated,1,dependable,awful
1149036660,antonym,1,pave,unpaved
1149036661,antonym,1,skillful,miserable
1149036662,paraphrase,0.644,ideal,satisfactory
1149036663,unrelated,1,unreliable,compensate
1149036664,unrelated,1,pore,blur
1149036665,unrelated,1,address,uncover
1149036666,unrelated,0.6557,over,anymore
1149036667,unrelated,1,gay,uncoiled
1149036668,antonym,1,auspiciously,inauspiciously
1149036669,paraphrase,1,unusual,rare
1149036670,unrelated,1,possible,gruelling
1149036671,paraphrase,0.6996,rightful,okay
1149036672,antonym,1,nonsexual,sexual
1149036673,unrelated,0.6882,easily,lightly
1149036674,antonym,0.6756,unqualified,qualify
1149036675,unrelated,1,crazy,right-hand
1149036676,unrelated,0.6907,damn,well
1149036677,unrelated,1,form,surprisingly
1149036678,unrelated,1,far,conclusion
1149036679,unrelated,0.6649,fine,honest
1149036680,unrelated,1,delic,rug
1149036681,unrelated,0.6684,settle,indeterminate
1149036682,unrelated,0.6781,comfortably,poorly
1149036683,unrelated,0.6655,harmless,defective
1149036684,unrelated,0.651,additionally,lonesome
1149036685,unrelated,1,mistaken,redress
1149036686,antonym,0.368,compensate,abusive
1149036687,unrelated,1,partly,no
1149036688,unrelated,0.6344,limitless,specify
1149036689,unrelated,0.6498,properly,painful
1149036690,unrelated,1,literally,unluckily
1149036691,unrelated,1,huh,rightfield
1149036692,unrelated,1,easily,franklin
1149036693,unrelated,0.3419,alive,lifelike
1149036694,unrelated,1,rightfield,hurt
1149036695,unrelated,1,right,gamy
1149036696,unrelated,0.6886,uninitiated,guilty
1149036697,unrelated,1,tutelage,wessex
1149036698,antonym,0.381,executable,unavailable
1149036700,unrelated,1,upright,aside
1149036701,unrelated,0.662,ordinary,surprise
1149036702,antonym,0.3446,accustomed,unusual
1149036703,unrelated,1,extraneous,necessity
1149036704,unrelated,1,hard,flashy
1149036705,unrelated,1,readily,sickly
1149036706,unrelated,0.6687,decent,unsuccessful
1149036707,unrelated,1,pretty,rightfield
1149036708,antonym,1,extrusive,intrusive
1149036709,unrelated,1,cheesy,sound
1149036710,unrelated,1,farsighted,card
1149036711,unrelated,0.6309,material,negligible
1149036712,unrelated,1,advantageously,sorry
1149036713,antonym,0.675,excessively,poorly
1149036714,unrelated,1,comprise,d
1149036715,unrelated,1,easy,fearful
1149036716,unrelated,0.6907,inappropriate,essential
1149036717,antonym,1,workable,unfeasible
1149036718,unrelated,1,good,level
1149036719,antonym,0.67,voluntary,compulsory
1149036720,unrelated,0.6643,peculiarly,less
1149036721,unrelated,1,superscript,inferior
1149036722,unrelated,1,premature,reserve
1149036723,antonym,0.6868,awe,fearlessness
1149036724,unrelated,1,sort,warning
1149036725,antonym,1,indistinct,distinct
1149036726,unrelated,0.6564,switch,unaffected
1149036727,unrelated,0.6478,ugly,unspoiled
1149036728,unrelated,1,right,comfortably
1149036729,unrelated,0.6495,squirm,right
1149036730,unrelated,1,unspent,practice
1149036731,antonym,0.6663,sopor,wake
1149036732,unrelated,1,allow,right
1149036733,unrelated,0.6702,unvoiced,comfortable
1149036734,unrelated,1,d,take
1149036735,unrelated,0.6531,lowly,big
1149036736,paraphrase,1,uncommitted,vacant
1149036737,unrelated,0.6669,justly,wrong
1149036738,antonym,0.6656,elemental,secondary
1149036739,antonym,0.6879,torpid,active
1149036740,unrelated,1,flop,unreal
1149036741,unrelated,1,unspecified,see
1149036742,unrelated,1,deliberate,attention
1149036743,other,0.3491,devilishly,sanely
1149036744,antonym,1,penitent,unrepentant
1149036745,unrelated,1,moo,good
1149036746,unrelated,1,feasible,poor
1149036747,antonym,1,unreceptive,receptive
1149036748,unrelated,1,longer,now
1149036749,unrelated,1,unfinished,consummate
1149036750,unrelated,1,no,dear
1149036751,unrelated,1,non-binding,truss
1149036752,antonym,0.67,differentiate,integrate
1149036753,unrelated,0.652,good,piteous
1149036754,unrelated,1,hump,unknown
1149036755,unrelated,1,fix,off
1149036756,unrelated,1,cheesy,skillful
1149036757,unrelated,0.6941,lower,even
1149036758,unrelated,1,compensate,inaccurate
1149036759,unrelated,1,likewise,soon
1149036760,unrelated,1,little,frequently
1149036761,unrelated,0.652,homo,straight
1149036762,antonym,0.6703,generalize,specify
1149036763,unrelated,1,off,exploit
1149036764,other,0.3357,fake,decent
1149036765,unrelated,0.6938,mal,adept
1149036766,unrelated,0.6463,tail,specific terms
1149036767,antonym,0.6811,naughty,decently
1149036768,unrelated,1,fine,admittedly
1149036769,unrelated,1,klein,single
1149036770,antonym,1,inexperience,experience
1149036771,unrelated,1,grueling,tricky
1149036772,unrelated,0.674,as,likewise
1149036773,unrelated,0.6747,aright,unusual
1149036774,unrelated,1,safe,poor
1149036775,unrelated,1,bad,handsome
1149036776,antonym,1,alright,badly
1149036777,unrelated,1,flawed,near
1149036778,unrelated,0.6545,slow,onerous
1149036779,antonym,0.6818,nail,unfinished
1149036780,unrelated,1,char,man
1149036781,unrelated,1,allow,posterior
1149036782,unrelated,0.6472,adjust,mistaken
1149036783,unrelated,1,useless,conquer
1149036784,unrelated,1,foresighted,poorly
1149036785,unrelated,1,right-hand,objectionable
1149036786,antonym,1,interdict,permissible
1149036787,unrelated,1,restrain,alia
1149036788,unrelated,0.6556,unspoilt,scary
1149036789,unrelated,0.6776,okay,uncollectible
1149036790,antonym,1,unwittingly,wittingly
1149036791,unrelated,1,shortly,identical
1149036792,unrelated,0.6712,uncertain,recognise
1149036793,unrelated,1,lf,cashbox
1149036794,unrelated,1,significant,underage
1149036795,unrelated,1,copper,bear
1149036796,unrelated,1,anomalous,formula
1149036797,unrelated,1,most,eve
1149036798,antonym,0.6565,compensate,deficient
1149036799,unrelated,1,lojack,laborious
1149036800,unrelated,1,substantially,sorry
1149036801,unrelated,0.626,salutary,handsome
1149036802,unrelated,1,disordered,surprising
1149036803,unrelated,1,till,lf
1149036804,unrelated,1,impossible,slow
1149036805,unrelated,0.6843,suitable,ghastly
1149036806,unrelated,0.678,crease,increased levels
1149036807,unrelated,0.6636,adequately,unvoiced
1149036808,antonym,0.6578,revolutionary,counterrevolutionary
1149036809,unrelated,1,cheesy,pricey
1149036810,unrelated,0.6626,ulterior,sooner
1149036811,antonym,0.6596,aright,crazy
1149036812,other,0.677,low,eminent
1149036813,antonym,1,taxable,nontaxable
1149036814,unrelated,0.6833,solely,more
1149036815,antonym,1,reactive,unresponsive
1149036816,antonym,1,uptown,downtown
1149036817,unrelated,1,unnecessary,selfsame
1149036818,antonym,0.7106,specific,universal
1149036819,unrelated,1,right,horrify
1149036820,unrelated,0.6615,outrageous,properly
1149036821,unrelated,1,mood,at
1149036822,antonym,0.6649,maybe,impossibly
1149036823,unrelated,1,moot,available
1149036824,antonym,0.6715,right,decayed
1149036825,antonym,0.6784,mixer,unsociable
1149036826,unrelated,1,no,neglect
1149036827,unrelated,1,difficult,honest
1149036828,antonym,1,utilitarian,superfluous
1149036829,unrelated,0.6781,injurious,right
1149036830,unrelated,0.6933,salutary,evil
1149036831,unrelated,0.6472,perfectly,possible
1149036832,unrelated,0.6849,good-looking,right
1149036833,unrelated,1,minus,as
1149036834,unrelated,0.6646,important,substantial
1149036835,unrelated,1,ugly,justly
1149036836,unrelated,1,alter,static
1149036837,unrelated,1,application,fuck
1149036838,unrelated,0.6759,innkeeper,parasite
1149036839,antonym,0.6545,legitimise,criminalise
1149036840,antonym,1,insignificant,essential
1149036841,unrelated,1,request,covering
1149036842,unrelated,0.675,erroneous,decently
1149036843,unrelated,1,unclear,well
1149036844,antonym,0.3519,poor,comfortably
1149036845,paraphrase,0.6853,far,away
1149036846,antonym,0.6683,inflexibility,flexibility
1149036847,antonym,1,oft,seldom
1149036848,unrelated,1,here,taboo
1149036849,paraphrase,0.3792,licit,TRUE
1149036850,unrelated,0.6921,equally,still
1149036851,paraphrase,0.67,easy,elementary
1149036852,unrelated,1,badly,okay
1149036853,unrelated,0.6476,upturned,right
1149036854,unrelated,1,considerably,badly
1149036855,unrelated,0.6677,good,cold-blooded
1149036856,antonym,1,phony,aright
1149036857,unrelated,0.3549,mightily,invalid
1149036858,unrelated,1,minimal,advantageously
1149036859,antonym,0.6802,fearless,timid
1149036860,unrelated,0.6652,observable,indiscernible
1149036861,unrelated,0.6734,fragmentary,everlasting
1149036862,unrelated,1,sparse,good
1149036863,unrelated,0.3482,heavy,tricky
1149036864,unrelated,1,now,nigh
1149036865,other,0.6583,abuse,compensate
1149036866,unrelated,1,front,absence
1149036867,unrelated,0.6866,region,no
1149036868,unrelated,0.6833,unreasonable,rule
1149036869,unrelated,1,feasible,pathetic
1149036870,unrelated,1,impossible,impulsive
1149036871,unrelated,0.6511,bucolic,cosmopolitan
1149036872,antonym,0.6666,challenge,easy
1149036873,unrelated,1,wellspring,farther
1149036874,unrelated,0.6492,applicable,pointless
1149036875,unrelated,0.6928,downhearted,sufficient
1149036876,unrelated,1,warning,separate
1149036877,unrelated,1,fallacious,sound
1149036878,antonym,0.6714,properly,sinful
1149036879,unrelated,1,cockeyed,happy
1149036880,antonym,0.6649,insufferable,plausible
1149036881,antonym,1,immiscible,miscible
1149036882,unrelated,1,shape,indefinite
1149036883,antonym,1,fine,badly
1149036884,unrelated,0.6575,roughneck,easily
1149036885,antonym,1,immutable,mutable
1149036886,unrelated,1,faulty,castigate
1149036887,unrelated,1,useful,swollen
1149036888,unrelated,0.6601,redress,unwarranted
1149036889,unrelated,1,brutal,tardily
1149036890,paraphrase,0.655,satisfactory,generally good
1149036891,unrelated,1,ill,real
1149036892,unrelated,1,even,dispirited
1149036893,unrelated,1,unjust,mightily
1149036894,antonym,0.3435,turbulent,untroubled
1149036895,category,0.3424,bull,bear
1149036896,unrelated,0.6729,firmly,rough
1149036897,unrelated,0.6675,gentle,tight
1149036898,unrelated,1,loosely,real
1149036899,antonym,0.6492,abject,good
1149036901,unrelated,1,genuinely,hardly
1149036902,unrelated,0.6762,foresighted,slight
1149036903,unrelated,1,taboo,gonna
1149036904,unrelated,0.6258,sufficient,abject
1149036905,antonym,1,eukaryotic,prokaryotic
1149036906,antonym,1,needless,necessary
1149036907,unrelated,0.6746,excited,crazy
1149036908,unrelated,1,properly,huh
1149036909,unrelated,0.6585,horrid,permissible
1149036910,antonym,1,boo,applaud
1149036911,unrelated,1,avowedly,brilliant
1149036912,paraphrase,0.341,deficient,slump
1149036913,unrelated,0.6552,scrap,long
1149036914,unrelated,1,merely,obscure
1149036915,antonym,1,impermissible,permissible
1149036916,unrelated,1,none,build
1149036917,unrelated,1,well-to-do,choosy
1149036918,antonym,0.6606,confused,surely
1149036919,unrelated,0.669,straight,accurate
1149036920,unrelated,1,excessively,blame
1149036921,unrelated,1,eve,net
1149036922,unrelated,0.6932,constantly,still
1149036923,unrelated,0.6698,grassless,grassi
1149036924,unrelated,1,rightfield,upset
1149036925,antonym,0.6574,majuscule,lowercase
1149036926,antonym,0.6907,transonic,subsonic
1149036927,unrelated,1,nowadays,no
1149036928,unrelated,0.662,fair,barely
1149036929,unrelated,1,mal,dependable
1149036930,antonym,0.6402,mandatory,unnecessary
1149036931,antonym,0.6681,insuperable,surmountable
1149036932,unrelated,0.3517,irrelevant,correctly
1149036933,unrelated,0.6683,gres,large measure
1149036934,unrelated,0.653,correct,misidentify
1149036935,antonym,1,hurriedly,unhurriedly
1149036936,antonym,1,go,no-go
1149036937,unrelated,1,abstain,one
1149036938,unrelated,0.6593,off,turn
1149036939,unrelated,0.6548,unfit,nice
1149036940,unrelated,1,huffy,right
1149036941,unrelated,1,good,further
1149036942,unrelated,1,swell,hardly
1149036943,unrelated,1,promiscuous,shitty
1149036944,unrelated,0.6638,important,consider
1149036945,unrelated,1,incorrectly,advantageously
1149036946,unrelated,1,entirely,practice
1149036947,unrelated,0.6823,meagre,decent
1149036948,antonym,1,goodness,naughty
1149036949,paraphrase,0.6731,entirely,everybody
1149036950,unrelated,0.6583,operable,unavailable
1149036951,unrelated,1,real,bad
1149036952,paraphrase,0.3604,sober,okay
1149036953,unrelated,0.6649,hard,well-to-do
1149036954,unrelated,0.663,good,crazy
1149036955,unrelated,1,delicately,possible
1149036956,unrelated,1,heavily,user-friendly
1149036957,unrelated,1,sound,non
1149036958,unrelated,0.6741,weird,estimable
1149036959,antonym,0.6542,loose,fussy
1149036960,unrelated,0.665,visionary,practical
1149036961,unrelated,1,obedience,meet
1149036962,unrelated,1,elderly,anymore
1149036963,unrelated,1,quarter,head
1149036964,unrelated,1,low,as
1149036965,unrelated,1,less,eventide
1149036966,unrelated,0.6647,well,loosely
1149036967,unrelated,1,subsequently,ago
1149036968,category,0.3368,moot,applicable
1149036969,antonym,0.6703,inconclusive,decipherable
1149036970,unrelated,1,receivable,shut-in
1149036971,unrelated,0.6399,appropriate,ugly
1149036972,unrelated,1,unspoilt,sore
1149036973,unrelated,0.348,forever,incessantly
1149036974,unrelated,1,gloomy,sufficient
1149036975,antonym,1,broad-minded,narrow-minded
1149036976,unrelated,0.6592,honorable,shitty
1149036977,unrelated,1,safe,confuse
1149036978,unrelated,0.6686,disgorge,applicable
1149036979,unrelated,1,seldom,comfortably
1149036980,unrelated,0.6661,slim,light
1149036981,unrelated,1,cheesy,long
1149036982,unrelated,1,no,feed
1149036983,antonym,0.6818,gentle,painful
1149036984,unrelated,0.66,contortion,straightness
1149036985,unrelated,0.6855,point,even
1149036986,unrelated,0.6592,difficult,crude
1149036987,unrelated,1,vain,capture
1149036988,unrelated,0.6636,crazy,decently
1149036989,unrelated,1,loose,convenient
1149036990,antonym,0.6527,invalidate,applicable
1149036991,unrelated,1,alright,big
1149036992,unrelated,0.672,actuate,appropriate
1149036993,unrelated,0.6648,harsh,chill
1149036994,unrelated,1,now,powerful
1149036995,unrelated,1,inconsistent,tolerate
1149036996,unrelated,1,less,pregnant
1149036997,unrelated,0.6797,cold,salutary
1149036998,unrelated,1,foresighted,weakly
1149036999,antonym,1,compliance,noncompliance
1149037000,antonym,0.6734,mad,happy
1149037001,unrelated,1,vain,appropriate
1149037002,unrelated,1,long,low-pitched
1149037003,antonym,0.6816,rarely,oft
1149037004,unrelated,1,unavailable,unacceptable
1149037005,unrelated,1,correctly,substantially
1149037006,unrelated,0.6621,unreasonable,impudent
1149037007,unrelated,1,right,sore
1149037008,antonym,1,define,indefinite
1149037009,antonym,1,inaccessible,approachable
1149037010,paraphrase,0.6578,properly,good
1149037011,unrelated,1,occupy,especially
1149037012,antonym,0.3555,proper,weird
1149037013,paraphrase,0.664,obtainable,possible
1149037014,unrelated,1,everybody,sal
1149037015,unrelated,0.6565,idle,utilised
1149037016,unrelated,1,uncommon,timeworn
1149037017,antonym,1,impracticable,viable
1149037018,unrelated,1,unfortunate,dependable
1149037019,unrelated,1,proficient,item
1149037020,antonym,0.6706,uncertain,safe
1149037021,unrelated,1,sufficient,lowly
1149037022,antonym,1,decisively,indecisively
1149037023,unrelated,0.6399,unlikely,big
1149037024,unrelated,1,so,genuinely
1149037025,unrelated,0.6562,dazed,smart
1149037026,antonym,0.6564,good,ineffectively
1149037027,unrelated,0.667,intimately,lightly
1149037028,unrelated,0.6686,respectable,unwell
1149037029,category,0.3438,unitary,person
1149037030,unrelated,1,wellspring,low
1149037031,antonym,1,disrespect,respect
1149037032,unrelated,1,condom,harmful
1149037033,unrelated,1,ugly,dependable
1149037034,unrelated,1,counterbalance,erroneous
1149037035,antonym,1,unpredictable,sure
1149037036,unrelated,1,real,few
1149037037,unrelated,0.6585,criticise,praise
1149037038,unrelated,1,misfire,have
1149037039,unrelated,0.678,long,easy
1149037040,unrelated,0.6634,wan,well
1149037041,unrelated,0.6639,unwise,expedient
1149037042,antonym,0.3437,sparse,swell
1149037043,unrelated,0.6549,gonna,hit
1149037044,unrelated,1,sustain,l
1149037045,unrelated,0.6529,loose,picky
1149037046,unrelated,1,delete,choke
1149037047,unrelated,1,full,unwell
1149037048,unrelated,1,uncollectible,correct
1149037049,unrelated,1,gamy,TRUE
1149037050,unrelated,1,sight,contact information
1149037051,unrelated,0.6516,uncertain,enlighten
1149037052,other,0.3393,difficult,fierce
1149037053,antonym,0.3642,unacceptable,plausible
1149037054,unrelated,0.6703,crazy,truthful
1149037055,unrelated,1,currently,nonetheless
1149037056,antonym,0.6867,ineffective,practicable
1149037057,unrelated,1,set,long
1149037058,antonym,1,patiently,impatiently
1149037059,unrelated,0.3461,significant,pocket-sized
1149037060,unrelated,1,peerless,non
1149037061,antonym,0.6761,precise,wrong
1149037062,unrelated,1,defend,compatible
1149037063,antonym,0.661,incorrect,proper
1149037064,unrelated,1,hanker,minimal
1149037065,unrelated,1,indecipherable,right
1149037066,unrelated,1,so,minus
1149037067,unrelated,1,no,apply
1149037068,antonym,0.672,acceptable,ineligible
1149037069,paraphrase,1,right,truthful
1149037070,paraphrase,1,paseo,ride
1149037071,unrelated,1,solely,actually
1149037072,unrelated,1,grow,no
1149037073,unrelated,1,directly,huh
1149037074,unrelated,1,upright,item
1149037075,antonym,1,injustice,fairness
1149037076,unrelated,1,finish,less
1149037077,unrelated,1,rational,inordinate
1149037078,unrelated,1,unspoiled,miserable
1149037079,unrelated,0.6393,inconsistent,corroborate
1149037080,unrelated,1,powerful,FALSE
1149037081,unrelated,1,obvious,hoodlum
1149037082,unrelated,0.3581,nonpareil,unsatisfactory
1149037083,unrelated,0.6779,circumstantially,deliberately
1149037084,unrelated,1,tight,promiscuous
1149037085,unrelated,1,practicable,woeful
1149037086,unrelated,0.67,good,unreliable
1149037087,unrelated,0.6939,flock,unfold
1149037088,unrelated,0.6735,good,decayed
1149037089,unrelated,0.6603,surprisingly,patently
1149037090,unrelated,1,retentive,weakly
1149037091,unrelated,0.6629,check,no
1149037092,unrelated,1,ennoble,law
1149037093,unrelated,1,hopefully,considerably
1149037094,antonym,0.6917,lucid,illogical
1149037095,antonym,0.6777,extern,intern
1149037096,unrelated,0.6638,okay,thoroughly
1149037097,antonym,0.6609,good,undecipherable
1149037098,unrelated,0.6368,minimally,equally
1149037099,unrelated,1,sensible,unjustified
1149037100,unrelated,1,orthogonal,useful
1149037104,unrelated,1,restrain,break
1149037105,unrelated,1,difficult,flashy
1149037106,unrelated,1,restrict,alia
1149037107,antonym,0.6833,tonic,atonal
1149037108,unrelated,1,fill,ter
1149037109,antonym,1,near,far
1149037110,unrelated,1,ironic,wet
1149037111,antonym,0.3586,available,unachievable
1149037112,antonym,1,sufficiency,insufficiently
1149037113,antonym,1,disreputable,reputable
1149037114,antonym,1,aggrandize,reduce
1149037115,unrelated,1,crazy,soundly
1149037116,unrelated,1,guileless,unclear
1149037117,unrelated,0.7012,complaint,fair
1149037118,unrelated,0.6652,hangdog,innocent
1149037119,unrelated,1,score,unmake
1149037120,antonym,0.6518,idle,use
1149037121,antonym,1,easygoing,awkward
1149037122,unrelated,0.681,apart,scarce
1149037123,unrelated,1,smelly,dear
1149037124,antonym,0.7005,bad,comfortably
1149037125,unrelated,0.6248,salutary,sinful
1149037126,unrelated,1,tough,appropriate
1149037127,unrelated,1,adept,rotten
1149037128,paraphrase,0.6674,feasible,practical
1149037129,unrelated,1,allow,lav
1149037130,unrelated,0.6636,gay,straightforward
1149037131,unrelated,1,further,well
1149037132,unrelated,1,soon,notwithstanding
1149037133,antonym,0.6824,optional,obligatory
1149037134,unrelated,1,naughty,compensate
1149037135,unrelated,0.6779,easy,inhuman
1149037136,unrelated,1,available,unimaginable
1149037137,antonym,1,expensive,low cost
1149037138,antonym,1,deplorably,happily
1149037139,unrelated,1,ill,cast
1149037140,antonym,0.6797,long,straightaway
1149037141,unrelated,1,chastise,phony
1149037142,unrelated,1,long,pitiful
1149037143,unrelated,0.6731,safety,doubtful
1149037144,unrelated,0.6834,extortionate,acceptable
1149037145,unrelated,1,determine,uncertain
1149037146,antonym,1,clear,unsettled
1149037147,unrelated,1,inappropriate,plenty
1149037148,unrelated,1,see,coke
1149037149,antonym,0.3425,permissible,unbearable
1149037150,antonym,0.6793,sufficiently,badly
1149037151,unrelated,1,carelessly,wellspring
1149037152,unrelated,1,soh,minus
1149037153,unrelated,0.3563,gres,university graduates
1149037154,unrelated,0.6916,foolish,unreasonable
1149037155,unrelated,1,contain,ter
1149037156,unrelated,0.6667,qualified,permissible
1149037157,antonym,0.6676,southern,northern
1149037158,unrelated,0.6599,exactly,hardly
1149037159,unrelated,0.6495,exceptional,universal
1149037160,unrelated,1,hasty,right-hand
1149037161,unrelated,1,irrelevant,reliable
1149037162,antonym,1,classical,nonclassical
1149037163,unrelated,1,able,unimportant
1149037164,antonym,0.6604,obsolete,useful
1149037165,entailment,1,active,economically active
1149037166,unrelated,1,ugly,correct
1149037167,unrelated,1,stack,long
1149037168,unrelated,1,decently,ill
1149037169,unrelated,1,uncommitted,impractical
1149037170,unrelated,0.664,crapper,allow
1149037171,antonym,0.7147,gonzo,normal
1149037172,antonym,1,altruist,egoist
1149037173,antonym,1,involuntary,voluntary
1149037174,unrelated,1,pat,eventide
1149037175,unrelated,1,ill,grim
1149037176,antonym,0.7046,genuine,unacceptable
1149037177,unrelated,1,eye,beginning
1149037178,unrelated,1,point,skilful
1149037179,unrelated,1,rightfield,flawed
1149037180,other,0.3487,earlier,former
1149037181,unrelated,0.6712,ill,secure
1149037182,antonym,0.6897,simple,grueling
1149037183,antonym,0.6762,well,shitty
1149037184,unrelated,1,synopsis,concrete
1149037185,unrelated,1,huh,straightaway
1149037186,unrelated,0.6649,laborious,straightforward
1149037187,unrelated,1,extraordinary,rightfield
1149037188,antonym,1,willing,unwilling
1149037189,unrelated,1,ineligible,mighty
1149037190,unrelated,1,TRUE,mad
1149037191,unrelated,0.6446,unspecified,know
1149037192,unrelated,1,wicked,soundly
1149037193,unrelated,1,unchanged,transfer
1149037194,unrelated,0.6703,inappropriate,rectify
1149037195,unrelated,1,okay,regretful
1149037196,unrelated,1,cultivate,idle
1149037197,antonym,1,abase,proud
1149037198,unrelated,1,powerful,sick
1149037199,unrelated,0.6771,right-hand,normal
1149037200,unrelated,1,run,delete
1149037201,unrelated,1,farsighted,immediately
1149037202,unrelated,1,respectable,spiteful
1149037203,antonym,0.6818,blockage,start
1149037204,unrelated,1,unsuccessful,decent
1149037205,antonym,0.6737,discipline,crazy
1149037206,unrelated,0.677,right,cruddy
1149037207,category,1,czech republic,slovakia
1149037208,antonym,0.3396,less,big
1149037209,unrelated,1,unduly,decent
1149037210,antonym,0.6906,picayune,important
1149037211,unrelated,0.6704,finish,period
1149037212,unrelated,1,intimately,even
1149037213,unrelated,1,name,harbor
1149037214,unrelated,0.3619,shoddy,correct
1149037215,antonym,0.3368,fruitless,necessary
1149037216,unrelated,1,despicable,right
1149037217,antonym,1,blithely,unhappily
1149037218,unrelated,0.6683,extortionate,reasonable
1149037219,unrelated,1,even,further
1149037220,unrelated,1,happy,decently
1149037221,unrelated,1,justly,abnormal
1149037222,unrelated,1,scarcely,aside
1149037223,category,0.3537,exactly,solely
1149037224,unrelated,1,even,place
1149037225,other,0.3587,caudal,cephalic
1149037226,category,0.3452,pro-choice,pro-life
1149037227,unrelated,1,right,barely
1149037228,antonym,0.3587,notification,ignore
1149037229,unrelated,1,scarce,non
1149037230,unrelated,1,former,au
1149037231,unrelated,0.6714,insufferable,inconceivable
1149037232,antonym,0.6592,useless,essential
1149037233,antonym,1,moral,immoral
1149037234,antonym,0.3442,surely,merely
1149037235,unrelated,1,rival,different
1149037236,unrelated,1,everybody,blackguard
1149037237,unrelated,0.6921,irresponsible,dangerous
1149037238,unrelated,1,immaterial,retentive
1149037239,paraphrase,0.7105,painful,flop
1149037240,unrelated,1,dependable,huh
1149037241,unrelated,1,disfavour,approval
1149037242,unrelated,0.6658,boost,inadvisable
1149037243,paraphrase,0.3557,unsophisticated,worldly
1149037244,unrelated,1,off,arrange
1149037245,antonym,1,obvious,unclear
1149037246,antonym,0.3657,readily,scarcely
1149037247,unrelated,1,nominal,meaning
1149037248,unrelated,0.6686,actually,nope
1149037249,unrelated,1,rightfield,unwarranted
1149037250,unrelated,0.6667,deny,accept
1149037251,unrelated,1,unreal,properly
1149037252,antonym,0.6791,redo,unreconstructed
1149037253,antonym,0.6542,substantially,insufficiently
1149037254,unrelated,1,feasible,windy
1149037255,unrelated,1,summary,loose
1149037256,antonym,0.6656,reliable,erroneous
1149037257,antonym,0.3385,unable,viable
1149037258,unrelated,0.6735,dian,religious beliefs
1149037259,unrelated,0.6788,suffice,anymore
1149037260,entailment,0.34,questionable,surely
1149037261,unrelated,0.6731,picky,promiscuous
1149037262,other,0.3409,fine,proficient
1149037263,antonym,1,unfavorable,favorable
1149037264,unrelated,1,surely,lonesome
1149037265,antonym,0.67,satisfactory,undesirable
1149037266,unrelated,1,good,boisterous
1149037267,unrelated,1,rightfield,FALSE
1149037268,unrelated,1,unruffled,hard
1149037269,unrelated,0.6732,unattainable,uncommitted
1149037270,paraphrase,0.6817,imperfect,gross
1149037271,other,0.3427,good,fearful
1149037272,unrelated,0.6722,inconceivable,elusive
1149037273,unrelated,1,gonna,ill-timed
1149037274,unrelated,1,rude,effective
1149037275,unrelated,0.6557,alien,know
1149037276,unrelated,1,compensate,indefensible
1149037277,unrelated,0.6684,horrible,ripe
1149037278,paraphrase,0.6725,nice,goodness
1149037279,unrelated,1,rachis,here
1149037280,unrelated,1,separate,framework
1149037281,antonym,0.6699,correct,abortive
1149037282,category,0.3519,crazy,fishy
1149037283,unrelated,1,real,less
1149037284,unrelated,1,there,game
1149037285,unrelated,0.6562,sophisticated,prosperous
1149037286,unrelated,1,utilization,unemployment
1149037287,other,0.6683,even,minus
1149037288,unrelated,1,befuddle,safe
1149037289,unrelated,1,shew,abolish
1149037290,unrelated,1,bad,set
1149037291,unrelated,1,normal,compensate
1149037292,unrelated,1,happy,demented
1149037293,unrelated,1,scarce,admittedly
1149037294,unrelated,1,untouchable,possible
1149037295,unrelated,1,well,scrap
1149037296,unrelated,0.6362,incomplete,acceptable
1149037297,unrelated,0.7151,good,prissy
1149037298,unrelated,1,irrelevant,lawful
1149037299,antonym,1,freaky,normal
1149037300,unrelated,0.6873,awful,thoroughly
1149037301,unrelated,1,dirty,expert
1149037302,unrelated,1,long,rarified
1149037303,unrelated,0.6889,aright,nasty
1149037307,unrelated,1,exist,less
1149037324,antonym,1,phony,honest
1149037325,unrelated,0.3679,circumstantially,unsurprisingly
1149037341,unrelated,1,defective,table
1149037350,unrelated,1,application,screw
1149037365,unrelated,1,undesirable,seize
1149037367,unrelated,1,law,entitle
1149037400,unrelated,1,long,express
1149037401,unrelated,1,admittedly,incorrect
1149037407,unrelated,1,possible,pitiful
1149037413,antonym,1,necessity,futile
1149037517,antonym,1,conclusive,inconclusive
1149037530,unrelated,0.6977,equal,insignificant
1149037542,unrelated,0.721,well,blue
1149037544,antonym,0.3636,well,spiteful
1149037555,entailment,0.6549,form,progress report
1149037570,unrelated,1,important,deliberate
1149037577,unrelated,1,counterfeit,rectify
1149037586,unrelated,0.666,shall,capable
1149037593,unrelated,1,tenacious,no
1149037623,unrelated,1,formation,private information
1149037625,unrelated,1,imperfectly,swell
1149037626,antonym,1,aimlessness,purposefulness
1149037643,unrelated,1,possible,delicately
1149037688,antonym,1,unwanted,appropriate
1149037718,antonym,1,beneficent,maleficent
1149037734,unrelated,1,unintentional,specify
1149037735,unrelated,1,straight,blue
1149037736,antonym,0.6364,permissible,prevent
1149037748,antonym,1,nonuniform,uniform
1149037750,unrelated,1,difficult,commodity
1149037762,unrelated,1,discrete,equal
1149037763,unrelated,0.6644,good,slightly
1149037777,unrelated,0.6644,flawed,lawful
1149037851,unrelated,1,puke,well
1149037867,unrelated,0.6364,winner,more
1149037882,antonym,1,gloominess,happiness
1149037886,antonym,0.666,orifice,closing
1149037887,unrelated,1,seize,worthless
1149037889,unrelated,1,decently,upset
1149037909,unrelated,0.7131,scarcely,no.
1149037922,unrelated,1,simply,want
1149037932,unrelated,1,well-to-do,stiff
1149037936,antonym,0.6321,spiritism,worldliness
1149037943,unrelated,1,narrow,undetermined
1149037952,antonym,1,equal,dissimilar
1149037957,other,0.6428,hatless,hat
1149037988,unrelated,1,discover,c
1149038001,unrelated,1,plumb,dirty
1149038005,unrelated,1,slightly,yearn
1149038006,unrelated,0.6644,hail,go
1149038017,unrelated,1,upright,nah
1149038030,unrelated,1,fierce,easily
1149038035,unrelated,1,none,grade
1149038085,unrelated,1,unknown,bang
1149038102,unrelated,1,sore,compensate
1149038117,antonym,0.6321,lousy,mighty
1149038131,antonym,0.6644,inaccurate,rightful
1149038134,antonym,1,limited,unabated
1149038164,antonym,1,conformity,nonconformity
1149038174,unrelated,1,ice,receive
1149038189,other,0.6644,posterior,sooner
1149038231,antonym,0.721,unable,available
1149038234,unrelated,1,evil,right-hand
1149038239,unrelated,1,runnel,idle
1149038242,unrelated,1,nestling,significant
1149038255,unrelated,1,hanker,unimportant
1149038265,unrelated,1,tolerate,inconsistent
1149038275,unrelated,1,chitchat,jawless
1149038292,unrelated,1,flesh,none
1149038299,unrelated,1,punk,tender
1149038301,antonym,1,normal,outre
1149038310,paraphrase,0.3853,plus,anymore
1149038328,unrelated,1,right,detriment
1149038357,unrelated,1,easy,pall
1149038364,unrelated,1,ephemeral,failing
1149038368,unrelated,1,list,hold
1149038403,unrelated,1,interesting,big
1149038416,unrelated,1,as,grim
1149038419,paraphrase,1,okay,right
1149038442,unrelated,1,minus,level
1149038447,unrelated,1,finish,far
1149038456,antonym,1,reverent,irreverent
1149038469,unrelated,0.6364,unknown,decide
1149038477,unrelated,1,bogus,mightily
1149038479,antonym,1,piousness,impiety
1149038496,unrelated,1,right,knockout
1149038518,unrelated,0.7131,undesirable,effective
1149038525,unrelated,1,minimal,practically
1149038536,paraphrase,0.6147,ill,ghastly
1149038542,unrelated,1,rift,keep
1149038638,unrelated,1,poorly,readily
1149038641,antonym,1,finish,incomplete
1149038653,antonym,1,explicit,implicit
1149038655,unrelated,1,hold,incompatible
1149038656,unrelated,1,risky,table
1149038664,antonym,1,incompatible,possible
1149038694,unrelated,0.6977,intricate,easily
1149038703,antonym,0.6977,renew,unregenerate
1149038705,antonym,1,sympatric,allopatric
1149038724,unrelated,1,authorize,ambiguous
1149038729,antonym,1,rapidly,slowly
1149038736,antonym,1,requirement,unnecessary
1149038740,unrelated,1,cold,thoroughly
1149038761,unrelated,1,decently,bogus
1149038768,unrelated,0.6147,risky,badly
1149038772,unrelated,1,easily,grating
1149038786,unrelated,1,defective,interesting
1149038813,unrelated,1,rightfield,unreal
1149038818,unrelated,1,seat,allow
1149038838,antonym,1,spiritless,spirited
1149038841,unrelated,1,powerful,erroneous
1149038844,unrelated,0.6364,well,weird
1149038849,unrelated,1,inappropriate,sufficient
1149038875,unrelated,1,so,few
1149038888,other,0.3679,naught,one
1149038899,unrelated,1,nice,secure
1149038905,unrelated,1,altogether,huh
1149038912,unrelated,0.666,good,grime
1149038914,unrelated,1,terribly,real
1149038919,unrelated,1,seldom,fountainhead
1149038921,unrelated,1,tawdry,soft
1149038924,paraphrase,1,full,entirely
1149038932,unrelated,1,impact,untouched
1149038950,unrelated,0.3853,aggregate,completely
1149038951,unrelated,0.7131,right,purge
1149038979,unrelated,1,huh,hanker
1149038983,unrelated,1,obvious,knockout
1149039003,unrelated,1,outrageous,correctly
1149039004,unrelated,1,ambiguous,light
1149039010,unrelated,1,unlimited,settle
1149039013,unrelated,1,skillful,little
1149039041,unrelated,1,represent,l
1149039054,unrelated,1,never-ending,inconstant
1149039086,unrelated,1,bad,possible
1149039096,unrelated,0.6977,bob,head
1149039104,antonym,1,lawless,legalize
1149039105,unrelated,1,non,evening
1149039113,antonym,0.3853,hardheaded,feasible
1149039128,unrelated,0.7131,expel,charge
1149039138,antonym,1,many-sided,unilateral
1149039145,unrelated,1,good,cast
1149039184,unrelated,1,unlikely,easygoing
1149039199,unrelated,1,orthogonal,significant
1149039237,antonym,1,good,cruddy
1149039249,unrelated,1,working,sour
1149039254,unrelated,1,moderately,right
1149039266,unrelated,1,complicated,tardily
1149039271,unrelated,1,hanker,time
1149039278,paraphrase,0.6683,helpful,utile
1149039320,unrelated,1,eventide,still
1149039322,antonym,1,normal,weirdo